Date,Time,Fuel Category,Gen Mw
01/01/2023,00:01:47,Coal,0.0
01/01/2023,00:01:47,Hydro,1144.0
01/01/2023,00:01:47,Landfill Gas,36.0
01/01/2023,00:01:47,Natural Gas,3343.0
01/01/2023,00:01:47,Nuclear,3371.0
01/01/2023,00:01:47,Oil,0.0
01/01/2023,00:01:47,Other,0.0
01/01/2023,00:01:47,Refuse,335.0
01/01/2023,00:01:47,Solar,1.0
01/01/2023,00:01:47,Wind,195.0
01/01/2023,00:01:47,Wood,231.0
01/01/2023,00:12:37,Hydro,1146.0
01/01/2023,00:12:37,Landfill Gas,36.0
01/01/2023,00:12:37,Nuclear,3371.0
01/01/2023,00:12:37,Oil,0.0
01/01/2023,00:12:37,Other,0.0
01/01/2023,00:12:37,Refuse,334.0
01/01/2023,00:12:37,Solar,1.0
01/01/2023,00:12:37,Wind,222.0
01/01/2023,00:12:37,Wood,229.0
01/01/2023,00:23:32,Coal,0.0
01/01/2023,00:23:32,Hydro,1144.0
01/01/2023,00:23:32,Landfill Gas,36.0
01/01/2023,00:23:32,Natural Gas,3212.0
01/01/2023,00:23:32,Nuclear,3370.0
01/01/2023,00:23:32,Oil,0.0
01/01/2023,00:23:32,Other,0.0
01/01/2023,00:23:32,Refuse,333.0
01/01/2023,00:23:32,Solar,1.0
01/01/2023,00:23:32,Wind,226.0
01/01/2023,00:23:32,Wood,233.0
01/01/2023,00:30:46,Coal,1.0
01/01/2023,00:30:46,Hydro,1144.0
01/01/2023,00:30:46,Landfill Gas,36.0
01/01/2023,00:30:46,Natural Gas,3164.0
01/01/2023,00:30:46,Nuclear,3370.0
01/01/2023,00:30:46,Oil,0.0
01/01/2023,00:30:46,Other,0.0
01/01/2023,00:30:46,Refuse,325.0
01/01/2023,00:30:46,Solar,1.0
01/01/2023,00:30:46,Wind,227.0
01/01/2023,00:30:46,Wood,233.0
01/01/2023,00:38:39,Coal,0.0
01/01/2023,00:38:39,Hydro,1014.0
01/01/2023,00:38:39,Landfill Gas,36.0
01/01/2023,00:38:39,Natural Gas,3162.0
01/01/2023,00:38:39,Nuclear,3371.0
01/01/2023,00:38:39,Oil,0.0
01/01/2023,00:38:39,Other,1.0
01/01/2023,00:38:39,Refuse,340.0
01/01/2023,00:38:39,Solar,1.0
01/01/2023,00:38:39,Wind,231.0
01/01/2023,00:38:39,Wood,233.0
01/01/2023,00:48:48,Coal,0.0
01/01/2023,00:48:48,Hydro,1015.0
01/01/2023,00:48:48,Landfill Gas,36.0
01/01/2023,00:48:48,Natural Gas,3098.0
01/01/2023,00:48:48,Nuclear,3372.0
01/01/2023,00:48:48,Oil,0.0
01/01/2023,00:48:48,Other,0.0
01/01/2023,00:48:48,Refuse,329.0
01/01/2023,00:48:48,Solar,1.0
01/01/2023,00:48:48,Wind,231.0
01/01/2023,00:48:48,Wood,231.0
01/01/2023,00:55:49,Coal,0.0
01/01/2023,00:55:49,Hydro,1011.0
01/01/2023,00:55:49,Landfill Gas,36.0
01/01/2023,00:55:49,Natural Gas,3089.0
01/01/2023,00:55:49,Nuclear,3370.0
01/01/2023,00:55:49,Oil,0.0
01/01/2023,00:55:49,Other,0.0
01/01/2023,00:55:49,Refuse,334.0
01/01/2023,00:55:49,Solar,1.0
01/01/2023,00:55:49,Wind,232.0
01/01/2023,00:55:49,Wood,232.0
01/01/2023,01:04:09,Coal,0.0
01/01/2023,01:04:09,Hydro,970.0
01/01/2023,01:04:09,Landfill Gas,35.0
01/01/2023,01:04:09,Natural Gas,3091.0
01/01/2023,01:04:09,Nuclear,3370.0
01/01/2023,01:04:09,Oil,0.0
01/01/2023,01:04:09,Other,2.0
01/01/2023,01:04:09,Refuse,339.0
01/01/2023,01:04:09,Solar,1.0
01/01/2023,01:04:09,Wind,230.0
01/01/2023,01:04:09,Wood,231.0
01/01/2023,01:07:55,Coal,0.0
01/01/2023,01:07:55,Hydro,971.0
01/01/2023,01:07:55,Landfill Gas,36.0
01/01/2023,01:07:55,Natural Gas,3132.0
01/01/2023,01:07:55,Nuclear,3371.0
01/01/2023,01:07:55,Oil,0.0
01/01/2023,01:07:55,Other,1.0
01/01/2023,01:07:55,Refuse,338.0
01/01/2023,01:07:55,Solar,1.0
01/01/2023,01:07:55,Wind,234.0
01/01/2023,01:07:55,Wood,232.0
01/01/2023,01:18:06,Coal,0.0
01/01/2023,01:18:06,Hydro,971.0
01/01/2023,01:18:06,Landfill Gas,36.0
01/01/2023,01:18:06,Natural Gas,3087.0
01/01/2023,01:18:06,Nuclear,3370.0
01/01/2023,01:18:06,Oil,0.0
01/01/2023,01:18:06,Other,0.0
01/01/2023,01:18:06,Refuse,335.0
01/01/2023,01:18:06,Solar,1.0
01/01/2023,01:18:06,Wind,232.0
01/01/2023,01:18:06,Wood,234.0
01/01/2023,01:23:09,Coal,2.0
01/01/2023,01:23:09,Hydro,971.0
01/01/2023,01:23:09,Landfill Gas,35.0
01/01/2023,01:23:09,Natural Gas,3049.0
01/01/2023,01:23:09,Nuclear,3373.0
01/01/2023,01:23:09,Oil,0.0
01/01/2023,01:23:09,Other,0.0
01/01/2023,01:23:09,Refuse,335.0
01/01/2023,01:23:09,Solar,1.0
01/01/2023,01:23:09,Wind,220.0
01/01/2023,01:23:09,Wood,231.0
01/01/2023,01:32:34,Coal,0.0
01/01/2023,01:32:34,Hydro,973.0
01/01/2023,01:32:34,Landfill Gas,36.0
01/01/2023,01:32:34,Natural Gas,2909.0
01/01/2023,01:32:34,Nuclear,3373.0
01/01/2023,01:32:34,Oil,0.0
01/01/2023,01:32:34,Other,0.0
01/01/2023,01:32:34,Refuse,343.0
01/01/2023,01:32:34,Solar,1.0
01/01/2023,01:32:34,Wind,226.0
01/01/2023,01:32:34,Wood,231.0
01/01/2023,01:38:39,Coal,0.0
01/01/2023,01:38:39,Hydro,972.0
01/01/2023,01:38:39,Landfill Gas,36.0
01/01/2023,01:38:39,Natural Gas,2827.0
01/01/2023,01:38:39,Nuclear,3371.0
01/01/2023,01:38:39,Oil,0.0
01/01/2023,01:38:39,Other,3.0
01/01/2023,01:38:39,Refuse,338.0
01/01/2023,01:38:39,Solar,1.0
01/01/2023,01:38:39,Wind,218.0
01/01/2023,01:38:39,Wood,233.0
01/01/2023,01:45:33,Coal,0.0
01/01/2023,01:45:33,Hydro,970.0
01/01/2023,01:45:33,Landfill Gas,36.0
01/01/2023,01:45:33,Natural Gas,2760.0
01/01/2023,01:45:33,Nuclear,3371.0
01/01/2023,01:45:33,Oil,0.0
01/01/2023,01:45:33,Other,0.0
01/01/2023,01:45:33,Refuse,345.0
01/01/2023,01:45:33,Solar,1.0
01/01/2023,01:45:33,Wind,217.0
01/01/2023,01:45:33,Wood,232.0
01/01/2023,01:50:32,Coal,0.0
01/01/2023,01:50:32,Hydro,965.0
01/01/2023,01:50:32,Landfill Gas,35.0
01/01/2023,01:50:32,Natural Gas,2731.0
01/01/2023,01:50:32,Nuclear,3373.0
01/01/2023,01:50:32,Oil,0.0
01/01/2023,01:50:32,Other,0.0
01/01/2023,01:50:32,Refuse,348.0
01/01/2023,01:50:32,Solar,1.0
01/01/2023,01:50:32,Wind,230.0
01/01/2023,01:50:32,Wood,230.0
01/01/2023,01:56:59,Coal,5.0
01/01/2023,01:56:59,Hydro,969.0
01/01/2023,01:56:59,Landfill Gas,36.0
01/01/2023,01:56:59,Natural Gas,2821.0
01/01/2023,01:56:59,Nuclear,3373.0
01/01/2023,01:56:59,Oil,0.0
01/01/2023,01:56:59,Other,0.0
01/01/2023,01:56:59,Refuse,344.0
01/01/2023,01:56:59,Solar,1.0
01/01/2023,01:56:59,Wind,234.0
01/01/2023,01:56:59,Wood,233.0
01/01/2023,02:03:07,Coal,1.0
01/01/2023,02:03:07,Hydro,967.0
01/01/2023,02:03:07,Landfill Gas,36.0
01/01/2023,02:03:07,Natural Gas,2900.0
01/01/2023,02:03:07,Nuclear,3373.0
01/01/2023,02:03:07,Oil,0.0
01/01/2023,02:03:07,Other,0.0
01/01/2023,02:03:07,Refuse,347.0
01/01/2023,02:03:07,Solar,1.0
01/01/2023,02:03:07,Wind,234.0
01/01/2023,02:03:07,Wood,232.0
01/01/2023,02:08:14,Coal,7.0
01/01/2023,02:08:14,Hydro,965.0
01/01/2023,02:08:14,Landfill Gas,36.0
01/01/2023,02:08:14,Natural Gas,2821.0
01/01/2023,02:08:14,Nuclear,3372.0
01/01/2023,02:08:14,Oil,0.0
01/01/2023,02:08:14,Other,11.0
01/01/2023,02:08:14,Refuse,333.0
01/01/2023,02:08:14,Solar,1.0
01/01/2023,02:08:14,Wind,223.0
01/01/2023,02:08:14,Wood,234.0
01/01/2023,02:14:29,Coal,0.0
01/01/2023,02:14:29,Hydro,969.0
01/01/2023,02:14:29,Landfill Gas,36.0
01/01/2023,02:14:29,Natural Gas,2705.0
01/01/2023,02:14:29,Nuclear,3372.0
01/01/2023,02:14:29,Oil,0.0
01/01/2023,02:14:29,Other,1.0
01/01/2023,02:14:29,Refuse,341.0
01/01/2023,02:14:29,Solar,1.0
01/01/2023,02:14:29,Wind,254.0
01/01/2023,02:14:29,Wood,233.0
01/01/2023,02:20:15,Coal,3.0
01/01/2023,02:20:15,Hydro,968.0
01/01/2023,02:20:15,Landfill Gas,36.0
01/01/2023,02:20:15,Natural Gas,2885.0
01/01/2023,02:20:15,Nuclear,3371.0
01/01/2023,02:20:15,Oil,0.0
01/01/2023,02:20:15,Other,0.0
01/01/2023,02:20:15,Refuse,338.0
01/01/2023,02:20:15,Solar,1.0
01/01/2023,02:20:15,Wind,266.0
01/01/2023,02:20:15,Wood,233.0
01/01/2023,02:24:00,Coal,4.0
01/01/2023,02:24:00,Hydro,969.0
01/01/2023,02:24:00,Landfill Gas,35.0
01/01/2023,02:24:00,Natural Gas,2884.0
01/01/2023,02:24:00,Nuclear,3371.0
01/01/2023,02:24:00,Oil,0.0
01/01/2023,02:24:00,Other,8.0
01/01/2023,02:24:00,Refuse,343.0
01/01/2023,02:24:00,Solar,1.0
01/01/2023,02:24:00,Wind,276.0
01/01/2023,02:24:00,Wood,235.0
01/01/2023,02:29:02,Coal,0.0
01/01/2023,02:29:02,Hydro,972.0
01/01/2023,02:29:02,Landfill Gas,36.0
01/01/2023,02:29:02,Natural Gas,2848.0
01/01/2023,02:29:02,Nuclear,3371.0
01/01/2023,02:29:02,Oil,0.0
01/01/2023,02:29:02,Other,4.0
01/01/2023,02:29:02,Refuse,339.0
01/01/2023,02:29:02,Solar,1.0
01/01/2023,02:29:02,Wind,277.0
01/01/2023,02:29:02,Wood,234.0
01/01/2023,02:37:33,Coal,0.0
01/01/2023,02:37:33,Hydro,970.0
01/01/2023,02:37:33,Landfill Gas,36.0
01/01/2023,02:37:33,Natural Gas,2957.0
01/01/2023,02:37:33,Nuclear,3372.0
01/01/2023,02:37:33,Oil,0.0
01/01/2023,02:37:33,Other,0.0
01/01/2023,02:37:33,Refuse,340.0
01/01/2023,02:37:33,Solar,1.0
01/01/2023,02:37:33,Wind,299.0
01/01/2023,02:37:33,Wood,233.0
01/01/2023,02:50:36,Coal,0.0
01/01/2023,02:50:36,Hydro,960.0
01/01/2023,02:50:36,Landfill Gas,36.0
01/01/2023,02:50:36,Natural Gas,2771.0
01/01/2023,02:50:36,Nuclear,3372.0
01/01/2023,02:50:36,Oil,0.0
01/01/2023,02:50:36,Other,0.0
01/01/2023,02:50:36,Refuse,336.0
01/01/2023,02:50:36,Solar,1.0
01/01/2023,02:50:36,Wind,318.0
01/01/2023,02:50:36,Wood,232.0
01/01/2023,02:54:52,Coal,0.0
01/01/2023,02:54:52,Hydro,950.0
01/01/2023,02:54:52,Landfill Gas,36.0
01/01/2023,02:54:52,Natural Gas,2770.0
01/01/2023,02:54:52,Nuclear,3372.0
01/01/2023,02:54:52,Oil,0.0
01/01/2023,02:54:52,Other,0.0
01/01/2023,02:54:52,Refuse,333.0
01/01/2023,02:54:52,Solar,1.0
01/01/2023,02:54:52,Wind,315.0
01/01/2023,02:54:52,Wood,234.0
01/01/2023,03:04:23,Coal,0.0
01/01/2023,03:04:23,Hydro,950.0
01/01/2023,03:04:23,Landfill Gas,36.0
01/01/2023,03:04:23,Natural Gas,2730.0
01/01/2023,03:04:23,Nuclear,3371.0
01/01/2023,03:04:23,Oil,0.0
01/01/2023,03:04:23,Other,0.0
01/01/2023,03:04:23,Refuse,334.0
01/01/2023,03:04:23,Solar,1.0
01/01/2023,03:04:23,Wind,318.0
01/01/2023,03:04:23,Wood,233.0
01/01/2023,03:14:09,Coal,0.0
01/01/2023,03:14:09,Hydro,950.0
01/01/2023,03:14:09,Landfill Gas,36.0
01/01/2023,03:14:09,Natural Gas,2698.0
01/01/2023,03:14:09,Nuclear,3373.0
01/01/2023,03:14:09,Oil,0.0
01/01/2023,03:14:09,Other,0.0
01/01/2023,03:14:09,Refuse,340.0
01/01/2023,03:14:09,Solar,1.0
01/01/2023,03:14:09,Wind,329.0
01/01/2023,03:14:09,Wood,233.0
01/01/2023,03:19:09,Coal,0.0
01/01/2023,03:19:09,Hydro,943.0
01/01/2023,03:19:09,Landfill Gas,36.0
01/01/2023,03:19:09,Natural Gas,2496.0
01/01/2023,03:19:09,Nuclear,3372.0
01/01/2023,03:19:09,Oil,0.0
01/01/2023,03:19:09,Other,15.0
01/01/2023,03:19:09,Refuse,338.0
01/01/2023,03:19:09,Solar,1.0
01/01/2023,03:19:09,Wind,337.0
01/01/2023,03:19:09,Wood,234.0
01/01/2023,03:24:54,Coal,0.0
01/01/2023,03:24:54,Hydro,943.0
01/01/2023,03:24:54,Landfill Gas,36.0
01/01/2023,03:24:54,Natural Gas,2439.0
01/01/2023,03:24:54,Nuclear,3372.0
01/01/2023,03:24:54,Oil,0.0
01/01/2023,03:24:54,Other,0.0
01/01/2023,03:24:54,Refuse,332.0
01/01/2023,03:24:54,Solar,1.0
01/01/2023,03:24:54,Wind,337.0
01/01/2023,03:24:54,Wood,233.0
01/01/2023,03:36:51,Coal,0.0
01/01/2023,03:36:51,Hydro,954.0
01/01/2023,03:36:51,Landfill Gas,36.0
01/01/2023,03:36:51,Natural Gas,2451.0
01/01/2023,03:36:51,Nuclear,3372.0
01/01/2023,03:36:51,Oil,0.0
01/01/2023,03:36:51,Other,0.0
01/01/2023,03:36:51,Refuse,332.0
01/01/2023,03:36:51,Solar,1.0
01/01/2023,03:36:51,Wind,356.0
01/01/2023,03:36:51,Wood,232.0
01/01/2023,03:39:38,Coal,0.0
01/01/2023,03:39:38,Hydro,955.0
01/01/2023,03:39:38,Landfill Gas,36.0
01/01/2023,03:39:38,Natural Gas,2452.0
01/01/2023,03:39:38,Nuclear,3373.0
01/01/2023,03:39:38,Oil,0.0
01/01/2023,03:39:38,Other,0.0
01/01/2023,03:39:38,Refuse,330.0
01/01/2023,03:39:38,Solar,1.0
01/01/2023,03:39:38,Wind,355.0
01/01/2023,03:39:38,Wood,233.0
01/01/2023,03:51:37,Coal,0.0
01/01/2023,03:51:37,Hydro,950.0
01/01/2023,03:51:37,Landfill Gas,36.0
01/01/2023,03:51:37,Natural Gas,2529.0
01/01/2023,03:51:37,Nuclear,3372.0
01/01/2023,03:51:37,Oil,0.0
01/01/2023,03:51:37,Other,2.0
01/01/2023,03:51:37,Refuse,329.0
01/01/2023,03:51:37,Solar,1.0
01/01/2023,03:51:37,Wind,363.0
01/01/2023,03:51:37,Wood,233.0
01/01/2023,03:58:41,Coal,0.0
01/01/2023,03:58:41,Hydro,949.0
01/01/2023,03:58:41,Landfill Gas,36.0
01/01/2023,03:58:41,Natural Gas,2476.0
01/01/2023,03:58:41,Nuclear,3372.0
01/01/2023,03:58:41,Oil,0.0
01/01/2023,03:58:41,Other,6.0
01/01/2023,03:58:41,Refuse,330.0
01/01/2023,03:58:41,Solar,1.0
01/01/2023,03:58:41,Wind,369.0
01/01/2023,03:58:41,Wood,231.0
01/01/2023,04:03:59,Coal,0.0
01/01/2023,04:03:59,Hydro,949.0
01/01/2023,04:03:59,Landfill Gas,36.0
01/01/2023,04:03:59,Natural Gas,2477.0
01/01/2023,04:03:59,Nuclear,3372.0
01/01/2023,04:03:59,Oil,0.0
01/01/2023,04:03:59,Other,0.0
01/01/2023,04:03:59,Refuse,330.0
01/01/2023,04:03:59,Solar,1.0
01/01/2023,04:03:59,Wind,377.0
01/01/2023,04:03:59,Wood,232.0
01/01/2023,04:09:42,Coal,0.0
01/01/2023,04:09:42,Hydro,950.0
01/01/2023,04:09:42,Landfill Gas,36.0
01/01/2023,04:09:42,Natural Gas,2479.0
01/01/2023,04:09:42,Nuclear,3372.0
01/01/2023,04:09:42,Oil,0.0
01/01/2023,04:09:42,Other,0.0
01/01/2023,04:09:42,Refuse,336.0
01/01/2023,04:09:42,Solar,1.0
01/01/2023,04:09:42,Wind,373.0
01/01/2023,04:09:42,Wood,233.0
01/01/2023,04:17:11,Coal,0.0
01/01/2023,04:17:11,Hydro,949.0
01/01/2023,04:17:11,Landfill Gas,36.0
01/01/2023,04:17:11,Natural Gas,2505.0
01/01/2023,04:17:11,Nuclear,3372.0
01/01/2023,04:17:11,Oil,0.0
01/01/2023,04:17:11,Other,0.0
01/01/2023,04:17:11,Refuse,340.0
01/01/2023,04:17:11,Solar,1.0
01/01/2023,04:17:11,Wind,373.0
01/01/2023,04:17:11,Wood,232.0
01/01/2023,04:23:20,Coal,0.0
01/01/2023,04:23:20,Hydro,950.0
01/01/2023,04:23:20,Landfill Gas,36.0
01/01/2023,04:23:20,Natural Gas,2501.0
01/01/2023,04:23:20,Nuclear,3370.0
01/01/2023,04:23:20,Oil,0.0
01/01/2023,04:23:20,Other,0.0
01/01/2023,04:23:20,Refuse,340.0
01/01/2023,04:23:20,Solar,1.0
01/01/2023,04:23:20,Wind,386.0
01/01/2023,04:23:20,Wood,231.0
01/01/2023,04:32:04,Coal,0.0
01/01/2023,04:32:04,Hydro,940.0
01/01/2023,04:32:04,Landfill Gas,36.0
01/01/2023,04:32:04,Natural Gas,2549.0
01/01/2023,04:32:04,Nuclear,3369.0
01/01/2023,04:32:04,Oil,0.0
01/01/2023,04:32:04,Other,0.0
01/01/2023,04:32:04,Refuse,335.0
01/01/2023,04:32:04,Solar,1.0
01/01/2023,04:32:04,Wind,404.0
01/01/2023,04:32:04,Wood,230.0
01/01/2023,04:39:52,Coal,0.0
01/01/2023,04:39:52,Hydro,930.0
01/01/2023,04:39:52,Landfill Gas,36.0
01/01/2023,04:39:52,Natural Gas,2583.0
01/01/2023,04:39:52,Nuclear,3371.0
01/01/2023,04:39:52,Oil,0.0
01/01/2023,04:39:52,Other,0.0
01/01/2023,04:39:52,Refuse,339.0
01/01/2023,04:39:52,Solar,1.0
01/01/2023,04:39:52,Wind,427.0
01/01/2023,04:39:52,Wood,232.0
01/01/2023,04:48:19,Coal,0.0
01/01/2023,04:48:19,Hydro,923.0
01/01/2023,04:48:19,Landfill Gas,36.0
01/01/2023,04:48:19,Natural Gas,2586.0
01/01/2023,04:48:19,Nuclear,3371.0
01/01/2023,04:48:19,Oil,0.0
01/01/2023,04:48:19,Other,4.0
01/01/2023,04:48:19,Refuse,335.0
01/01/2023,04:48:19,Solar,1.0
01/01/2023,04:48:19,Wind,419.0
01/01/2023,04:48:19,Wood,234.0
01/01/2023,04:55:57,Coal,0.0
01/01/2023,04:55:57,Hydro,958.0
01/01/2023,04:55:57,Landfill Gas,36.0
01/01/2023,04:55:57,Natural Gas,2544.0
01/01/2023,04:55:57,Nuclear,3373.0
01/01/2023,04:55:57,Oil,0.0
01/01/2023,04:55:57,Other,0.0
01/01/2023,04:55:57,Refuse,324.0
01/01/2023,04:55:57,Solar,1.0
01/01/2023,04:55:57,Wind,433.0
01/01/2023,04:55:57,Wood,233.0
01/01/2023,05:07:36,Coal,0.0
01/01/2023,05:07:36,Hydro,1066.0
01/01/2023,05:07:36,Landfill Gas,36.0
01/01/2023,05:07:36,Natural Gas,2471.0
01/01/2023,05:07:36,Nuclear,3372.0
01/01/2023,05:07:36,Oil,0.0
01/01/2023,05:07:36,Other,0.0
01/01/2023,05:07:36,Refuse,337.0
01/01/2023,05:07:36,Solar,1.0
01/01/2023,05:07:36,Wind,460.0
01/01/2023,05:07:36,Wood,230.0
01/01/2023,05:16:01,Coal,0.0
01/01/2023,05:16:01,Hydro,1067.0
01/01/2023,05:16:01,Landfill Gas,35.0
01/01/2023,05:16:01,Natural Gas,2421.0
01/01/2023,05:16:01,Nuclear,3372.0
01/01/2023,05:16:01,Oil,0.0
01/01/2023,05:16:01,Other,8.0
01/01/2023,05:16:01,Refuse,333.0
01/01/2023,05:16:01,Solar,1.0
01/01/2023,05:16:01,Wind,476.0
01/01/2023,05:16:01,Wood,231.0
01/01/2023,05:24:36,Coal,0.0
01/01/2023,05:24:36,Hydro,1071.0
01/01/2023,05:24:36,Landfill Gas,35.0
01/01/2023,05:24:36,Natural Gas,2376.0
01/01/2023,05:24:36,Nuclear,3371.0
01/01/2023,05:24:36,Oil,0.0
01/01/2023,05:24:36,Other,5.0
01/01/2023,05:24:36,Refuse,326.0
01/01/2023,05:24:36,Solar,1.0
01/01/2023,05:24:36,Wind,519.0
01/01/2023,05:24:36,Wood,233.0
01/01/2023,05:32:16,Coal,0.0
01/01/2023,05:32:16,Hydro,1080.0
01/01/2023,05:32:16,Landfill Gas,36.0
01/01/2023,05:32:16,Natural Gas,2566.0
01/01/2023,05:32:16,Nuclear,3371.0
01/01/2023,05:32:16,Oil,0.0
01/01/2023,05:32:16,Other,0.0
01/01/2023,05:32:16,Refuse,332.0
01/01/2023,05:32:16,Solar,1.0
01/01/2023,05:32:16,Wind,550.0
01/01/2023,05:32:16,Wood,232.0
01/01/2023,05:35:28,Coal,0.0
01/01/2023,05:35:28,Hydro,1081.0
01/01/2023,05:35:28,Landfill Gas,36.0
01/01/2023,05:35:28,Natural Gas,2591.0
01/01/2023,05:35:28,Nuclear,3372.0
01/01/2023,05:35:28,Oil,0.0
01/01/2023,05:35:28,Other,0.0
01/01/2023,05:35:28,Refuse,334.0
01/01/2023,05:35:28,Solar,1.0
01/01/2023,05:35:28,Wind,547.0
01/01/2023,05:35:28,Wood,231.0
01/01/2023,05:40:39,Coal,0.0
01/01/2023,05:40:39,Hydro,1064.0
01/01/2023,05:40:39,Landfill Gas,36.0
01/01/2023,05:40:39,Natural Gas,2511.0
01/01/2023,05:40:39,Nuclear,3372.0
01/01/2023,05:40:39,Oil,0.0
01/01/2023,05:40:39,Other,16.0
01/01/2023,05:40:39,Refuse,333.0
01/01/2023,05:40:39,Solar,1.0
01/01/2023,05:40:39,Wind,543.0
01/01/2023,05:40:39,Wood,232.0
01/01/2023,05:47:24,Coal,0.0
01/01/2023,05:47:24,Hydro,1063.0
01/01/2023,05:47:24,Landfill Gas,36.0
01/01/2023,05:47:24,Natural Gas,2485.0
01/01/2023,05:47:24,Nuclear,3372.0
01/01/2023,05:47:24,Oil,0.0
01/01/2023,05:47:24,Other,5.0
01/01/2023,05:47:24,Refuse,332.0
01/01/2023,05:47:24,Solar,1.0
01/01/2023,05:47:24,Wind,543.0
01/01/2023,05:47:24,Wood,231.0
01/01/2023,05:52:36,Coal,0.0
01/01/2023,05:52:36,Hydro,1063.0
01/01/2023,05:52:36,Landfill Gas,36.0
01/01/2023,05:52:36,Natural Gas,2694.0
01/01/2023,05:52:36,Nuclear,3372.0
01/01/2023,05:52:36,Oil,0.0
01/01/2023,05:52:36,Other,0.0
01/01/2023,05:52:36,Refuse,339.0
01/01/2023,05:52:36,Solar,1.0
01/01/2023,05:52:36,Wind,537.0
01/01/2023,05:52:36,Wood,232.0
01/01/2023,05:55:16,Coal,0.0
01/01/2023,05:55:16,Hydro,1065.0
01/01/2023,05:55:16,Landfill Gas,36.0
01/01/2023,05:55:16,Natural Gas,2785.0
01/01/2023,05:55:16,Nuclear,3372.0
01/01/2023,05:55:16,Oil,0.0
01/01/2023,05:55:16,Other,0.0
01/01/2023,05:55:16,Refuse,338.0
01/01/2023,05:55:16,Solar,1.0
01/01/2023,05:55:16,Wind,546.0
01/01/2023,05:55:16,Wood,231.0
01/01/2023,05:58:52,Coal,0.0
01/01/2023,05:58:52,Hydro,1114.0
01/01/2023,05:58:52,Landfill Gas,36.0
01/01/2023,05:58:52,Natural Gas,2833.0
01/01/2023,05:58:52,Nuclear,3372.0
01/01/2023,05:58:52,Oil,0.0
01/01/2023,05:58:52,Other,0.0
01/01/2023,05:58:52,Refuse,331.0
01/01/2023,05:58:52,Solar,1.0
01/01/2023,05:58:52,Wind,557.0
01/01/2023,05:58:52,Wood,231.0
01/01/2023,06:07:42,Coal,0.0
01/01/2023,06:07:42,Hydro,1122.0
01/01/2023,06:07:42,Landfill Gas,36.0
01/01/2023,06:07:42,Natural Gas,2789.0
01/01/2023,06:07:42,Nuclear,3372.0
01/01/2023,06:07:42,Oil,0.0
01/01/2023,06:07:42,Other,21.0
01/01/2023,06:07:42,Refuse,334.0
01/01/2023,06:07:42,Solar,1.0
01/01/2023,06:07:42,Wind,585.0
01/01/2023,06:07:42,Wood,231.0
01/01/2023,06:17:18,Coal,0.0
01/01/2023,06:17:18,Hydro,1122.0
01/01/2023,06:17:18,Landfill Gas,36.0
01/01/2023,06:17:18,Natural Gas,2789.0
01/01/2023,06:17:18,Nuclear,3372.0
01/01/2023,06:17:18,Oil,0.0
01/01/2023,06:17:18,Other,21.0
01/01/2023,06:17:18,Refuse,334.0
01/01/2023,06:17:18,Solar,1.0
01/01/2023,06:17:18,Wind,585.0
01/01/2023,06:17:18,Wood,231.0
01/01/2023,06:18:18,Coal,0.0
01/01/2023,06:18:18,Hydro,1125.0
01/01/2023,06:18:18,Landfill Gas,36.0
01/01/2023,06:18:18,Natural Gas,2871.0
01/01/2023,06:18:18,Nuclear,3371.0
01/01/2023,06:18:18,Oil,0.0
01/01/2023,06:18:18,Other,0.0
01/01/2023,06:18:18,Refuse,343.0
01/01/2023,06:18:18,Solar,1.0
01/01/2023,06:18:18,Wind,627.0
01/01/2023,06:18:18,Wood,233.0
01/01/2023,06:28:35,Coal,0.0
01/01/2023,06:28:35,Hydro,1123.0
01/01/2023,06:28:35,Landfill Gas,36.0
01/01/2023,06:28:35,Natural Gas,2921.0
01/01/2023,06:28:35,Nuclear,3372.0
01/01/2023,06:28:35,Oil,0.0
01/01/2023,06:28:35,Other,1.0
01/01/2023,06:28:35,Refuse,341.0
01/01/2023,06:28:35,Solar,1.0
01/01/2023,06:28:35,Wind,652.0
01/01/2023,06:28:35,Wood,234.0
01/01/2023,06:38:50,Coal,0.0
01/01/2023,06:38:50,Hydro,1131.0
01/01/2023,06:38:50,Landfill Gas,36.0
01/01/2023,06:38:50,Natural Gas,2956.0
01/01/2023,06:38:50,Nuclear,3371.0
01/01/2023,06:38:50,Oil,0.0
01/01/2023,06:38:50,Other,0.0
01/01/2023,06:38:50,Refuse,336.0
01/01/2023,06:38:50,Solar,1.0
01/01/2023,06:38:50,Wind,665.0
01/01/2023,06:38:50,Wood,232.0
01/01/2023,06:48:52,Coal,0.0
01/01/2023,06:48:52,Hydro,1131.0
01/01/2023,06:48:52,Landfill Gas,36.0
01/01/2023,06:48:52,Natural Gas,2956.0
01/01/2023,06:48:52,Nuclear,3371.0
01/01/2023,06:48:52,Oil,0.0
01/01/2023,06:48:52,Other,0.0
01/01/2023,06:48:52,Refuse,336.0
01/01/2023,06:48:52,Solar,1.0
01/01/2023,06:48:52,Wind,665.0
01/01/2023,06:48:52,Wood,232.0
01/01/2023,06:50:27,Coal,0.0
01/01/2023,06:50:27,Hydro,1125.0
01/01/2023,06:50:27,Landfill Gas,36.0
01/01/2023,06:50:27,Natural Gas,2986.0
01/01/2023,06:50:27,Nuclear,3369.0
01/01/2023,06:50:27,Oil,0.0
01/01/2023,06:50:27,Other,0.0
01/01/2023,06:50:27,Refuse,337.0
01/01/2023,06:50:27,Solar,1.0
01/01/2023,06:50:27,Wind,656.0
01/01/2023,06:50:27,Wood,231.0
01/01/2023,07:01:06,Coal,0.0
01/01/2023,07:01:06,Hydro,1112.0
01/01/2023,07:01:06,Landfill Gas,36.0
01/01/2023,07:01:06,Natural Gas,3002.0
01/01/2023,07:01:06,Nuclear,3371.0
01/01/2023,07:01:06,Oil,0.0
01/01/2023,07:01:06,Other,17.0
01/01/2023,07:01:06,Refuse,339.0
01/01/2023,07:01:06,Solar,1.0
01/01/2023,07:01:06,Wind,694.0
01/01/2023,07:01:06,Wood,232.0
01/01/2023,07:10:08,Coal,0.0
01/01/2023,07:10:08,Hydro,1111.0
01/01/2023,07:10:08,Landfill Gas,36.0
01/01/2023,07:10:08,Natural Gas,3117.0
01/01/2023,07:10:08,Nuclear,3371.0
01/01/2023,07:10:08,Oil,0.0
01/01/2023,07:10:08,Other,0.0
01/01/2023,07:10:08,Refuse,341.0
01/01/2023,07:10:08,Solar,1.0
01/01/2023,07:10:08,Wind,710.0
01/01/2023,07:10:08,Wood,232.0
01/01/2023,07:20:54,Coal,0.0
01/01/2023,07:20:54,Hydro,1114.0
01/01/2023,07:20:54,Landfill Gas,36.0
01/01/2023,07:20:54,Natural Gas,3075.0
01/01/2023,07:20:54,Nuclear,3370.0
01/01/2023,07:20:54,Oil,0.0
01/01/2023,07:20:54,Other,0.0
01/01/2023,07:20:54,Refuse,337.0
01/01/2023,07:20:54,Solar,2.0
01/01/2023,07:20:54,Wind,708.0
01/01/2023,07:20:54,Wood,230.0
01/01/2023,07:27:11,Coal,0.0
01/01/2023,07:27:11,Hydro,1113.0
01/01/2023,07:27:11,Landfill Gas,36.0
01/01/2023,07:27:11,Natural Gas,3063.0
01/01/2023,07:27:11,Nuclear,3370.0
01/01/2023,07:27:11,Oil,0.0
01/01/2023,07:27:11,Other,1.0
01/01/2023,07:27:11,Refuse,336.0
01/01/2023,07:27:11,Solar,3.0
01/01/2023,07:27:11,Wind,723.0
01/01/2023,07:27:11,Wood,229.0
01/01/2023,07:35:18,Coal,0.0
01/01/2023,07:35:18,Hydro,1114.0
01/01/2023,07:35:18,Landfill Gas,36.0
01/01/2023,07:35:18,Natural Gas,2954.0
01/01/2023,07:35:18,Nuclear,3370.0
01/01/2023,07:35:18,Oil,0.0
01/01/2023,07:35:18,Other,6.0
01/01/2023,07:35:18,Refuse,336.0
01/01/2023,07:35:18,Solar,8.0
01/01/2023,07:35:18,Wind,768.0
01/01/2023,07:35:18,Wood,227.0
01/01/2023,07:45:26,Coal,0.0
01/01/2023,07:45:26,Hydro,1114.0
01/01/2023,07:45:26,Landfill Gas,36.0
01/01/2023,07:45:26,Natural Gas,2966.0
01/01/2023,07:45:26,Nuclear,3370.0
01/01/2023,07:45:26,Oil,0.0
01/01/2023,07:45:26,Other,0.0
01/01/2023,07:45:26,Refuse,342.0
01/01/2023,07:45:26,Solar,13.0
01/01/2023,07:45:26,Wind,815.0
01/01/2023,07:45:26,Wood,227.0
01/01/2023,07:55:04,Coal,0.0
01/01/2023,07:55:04,Hydro,1116.0
01/01/2023,07:55:04,Landfill Gas,36.0
01/01/2023,07:55:04,Natural Gas,3019.0
01/01/2023,07:55:04,Nuclear,3373.0
01/01/2023,07:55:04,Oil,0.0
01/01/2023,07:55:04,Other,0.0
01/01/2023,07:55:04,Refuse,333.0
01/01/2023,07:55:04,Solar,30.0
01/01/2023,07:55:04,Wind,858.0
01/01/2023,07:55:04,Wood,227.0
01/01/2023,07:55:12,Coal,0.0
01/01/2023,07:55:12,Hydro,1116.0
01/01/2023,07:55:12,Landfill Gas,36.0
01/01/2023,07:55:12,Natural Gas,3019.0
01/01/2023,07:55:12,Nuclear,3373.0
01/01/2023,07:55:12,Oil,0.0
01/01/2023,07:55:12,Other,0.0
01/01/2023,07:55:12,Refuse,333.0
01/01/2023,07:55:12,Solar,30.0
01/01/2023,07:55:12,Wind,858.0
01/01/2023,07:55:12,Wood,227.0
01/01/2023,07:56:23,Coal,0.0
01/01/2023,07:56:23,Hydro,1113.0
01/01/2023,07:56:23,Landfill Gas,36.0
01/01/2023,07:56:23,Natural Gas,3015.0
01/01/2023,07:56:23,Nuclear,3373.0
01/01/2023,07:56:23,Oil,0.0
01/01/2023,07:56:23,Other,0.0
01/01/2023,07:56:23,Refuse,334.0
01/01/2023,07:56:23,Solar,32.0
01/01/2023,07:56:23,Wind,871.0
01/01/2023,07:56:23,Wood,227.0
01/01/2023,08:02:33,Coal,0.0
01/01/2023,08:02:33,Hydro,1111.0
01/01/2023,08:02:33,Landfill Gas,36.0
01/01/2023,08:02:33,Natural Gas,2948.0
01/01/2023,08:02:33,Nuclear,3371.0
01/01/2023,08:02:33,Oil,0.0
01/01/2023,08:02:33,Other,0.0
01/01/2023,08:02:33,Refuse,326.0
01/01/2023,08:02:33,Solar,40.0
01/01/2023,08:02:33,Wind,872.0
01/01/2023,08:02:33,Wood,225.0
01/01/2023,08:10:23,Coal,0.0
01/01/2023,08:10:23,Hydro,1122.0
01/01/2023,08:10:23,Landfill Gas,36.0
01/01/2023,08:10:23,Natural Gas,2944.0
01/01/2023,08:10:23,Nuclear,3371.0
01/01/2023,08:10:23,Oil,0.0
01/01/2023,08:10:23,Other,0.0
01/01/2023,08:10:23,Refuse,335.0
01/01/2023,08:10:23,Solar,60.0
01/01/2023,08:10:23,Wind,867.0
01/01/2023,08:10:23,Wood,224.0
01/01/2023,08:19:50,Coal,0.0
01/01/2023,08:19:50,Hydro,1120.0
01/01/2023,08:19:50,Landfill Gas,36.0
01/01/2023,08:19:50,Natural Gas,2842.0
01/01/2023,08:19:50,Nuclear,3373.0
01/01/2023,08:19:50,Oil,0.0
01/01/2023,08:19:50,Other,7.0
01/01/2023,08:19:50,Refuse,337.0
01/01/2023,08:19:50,Solar,77.0
01/01/2023,08:19:50,Wind,813.0
01/01/2023,08:19:50,Wood,226.0
01/01/2023,08:28:30,Coal,0.0
01/01/2023,08:28:30,Hydro,1132.0
01/01/2023,08:28:30,Landfill Gas,36.0
01/01/2023,08:28:30,Natural Gas,2792.0
01/01/2023,08:28:30,Nuclear,3372.0
01/01/2023,08:28:30,Oil,0.0
01/01/2023,08:28:30,Other,0.0
01/01/2023,08:28:30,Refuse,333.0
01/01/2023,08:28:30,Solar,89.0
01/01/2023,08:28:30,Wind,864.0
01/01/2023,08:28:30,Wood,224.0
01/01/2023,08:38:17,Coal,0.0
01/01/2023,08:38:17,Hydro,1142.0
01/01/2023,08:38:17,Landfill Gas,36.0
01/01/2023,08:38:17,Natural Gas,2712.0
01/01/2023,08:38:17,Nuclear,3371.0
01/01/2023,08:38:17,Oil,0.0
01/01/2023,08:38:17,Other,1.0
01/01/2023,08:38:17,Refuse,332.0
01/01/2023,08:38:17,Solar,119.0
01/01/2023,08:38:17,Wind,872.0
01/01/2023,08:38:17,Wood,227.0
01/01/2023,08:46:53,Coal,0.0
01/01/2023,08:46:53,Hydro,1130.0
01/01/2023,08:46:53,Landfill Gas,36.0
01/01/2023,08:46:53,Natural Gas,2724.0
01/01/2023,08:46:53,Nuclear,3371.0
01/01/2023,08:46:53,Oil,0.0
01/01/2023,08:46:53,Other,1.0
01/01/2023,08:46:53,Refuse,332.0
01/01/2023,08:46:53,Solar,118.0
01/01/2023,08:46:53,Wind,860.0
01/01/2023,08:46:53,Wood,227.0
01/01/2023,08:56:48,Coal,0.0
01/01/2023,08:56:48,Hydro,1147.0
01/01/2023,08:56:48,Landfill Gas,36.0
01/01/2023,08:56:48,Natural Gas,2706.0
01/01/2023,08:56:48,Nuclear,3372.0
01/01/2023,08:56:48,Oil,0.0
01/01/2023,08:56:48,Other,2.0
01/01/2023,08:56:48,Refuse,338.0
01/01/2023,08:56:48,Solar,145.0
01/01/2023,08:56:48,Wind,847.0
01/01/2023,08:56:48,Wood,227.0
01/01/2023,09:06:49,Coal,0.0
01/01/2023,09:06:49,Hydro,1075.0
01/01/2023,09:06:49,Landfill Gas,36.0
01/01/2023,09:06:49,Natural Gas,2938.0
01/01/2023,09:06:49,Nuclear,3371.0
01/01/2023,09:06:49,Oil,0.0
01/01/2023,09:06:49,Other,0.0
01/01/2023,09:06:49,Refuse,344.0
01/01/2023,09:06:49,Solar,144.0
01/01/2023,09:06:49,Wind,850.0
01/01/2023,09:06:49,Wood,227.0
01/01/2023,09:19:07,Coal,0.0
01/01/2023,09:19:07,Hydro,1097.0
01/01/2023,09:19:07,Landfill Gas,36.0
01/01/2023,09:19:07,Natural Gas,2985.0
01/01/2023,09:19:07,Nuclear,3371.0
01/01/2023,09:19:07,Oil,0.0
01/01/2023,09:19:07,Other,6.0
01/01/2023,09:19:07,Refuse,341.0
01/01/2023,09:19:07,Solar,171.0
01/01/2023,09:19:07,Wind,835.0
01/01/2023,09:19:07,Wood,227.0
01/01/2023,09:22:18,Coal,0.0
01/01/2023,09:22:18,Hydro,1079.0
01/01/2023,09:22:18,Landfill Gas,36.0
01/01/2023,09:22:18,Natural Gas,2992.0
01/01/2023,09:22:18,Nuclear,3372.0
01/01/2023,09:22:18,Oil,0.0
01/01/2023,09:22:18,Other,0.0
01/01/2023,09:22:18,Refuse,343.0
01/01/2023,09:22:18,Solar,171.0
01/01/2023,09:22:18,Wind,828.0
01/01/2023,09:22:18,Wood,228.0
01/01/2023,09:28:04,Coal,0.0
01/01/2023,09:28:04,Hydro,1079.0
01/01/2023,09:28:04,Landfill Gas,36.0
01/01/2023,09:28:04,Natural Gas,2992.0
01/01/2023,09:28:04,Nuclear,3372.0
01/01/2023,09:28:04,Oil,0.0
01/01/2023,09:28:04,Other,0.0
01/01/2023,09:28:04,Refuse,343.0
01/01/2023,09:28:04,Solar,171.0
01/01/2023,09:28:04,Wind,828.0
01/01/2023,09:28:04,Wood,228.0
01/01/2023,09:35:19,Coal,4.0
01/01/2023,09:35:19,Hydro,1088.0
01/01/2023,09:35:19,Landfill Gas,36.0
01/01/2023,09:35:19,Natural Gas,2948.0
01/01/2023,09:35:19,Nuclear,3371.0
01/01/2023,09:35:19,Oil,0.0
01/01/2023,09:35:19,Other,1.0
01/01/2023,09:35:19,Refuse,343.0
01/01/2023,09:35:19,Solar,226.0
01/01/2023,09:35:19,Wind,839.0
01/01/2023,09:35:19,Wood,224.0
01/01/2023,09:40:26,Coal,5.0
01/01/2023,09:40:26,Hydro,1050.0
01/01/2023,09:40:26,Landfill Gas,36.0
01/01/2023,09:40:26,Natural Gas,2924.0
01/01/2023,09:40:26,Nuclear,3372.0
01/01/2023,09:40:26,Oil,0.0
01/01/2023,09:40:26,Other,3.0
01/01/2023,09:40:26,Refuse,335.0
01/01/2023,09:40:26,Solar,248.0
01/01/2023,09:40:26,Wind,803.0
01/01/2023,09:40:26,Wood,225.0
01/01/2023,09:51:14,Coal,7.0
01/01/2023,09:51:14,Hydro,1053.0
01/01/2023,09:51:14,Landfill Gas,36.0
01/01/2023,09:51:14,Natural Gas,2903.0
01/01/2023,09:51:14,Nuclear,3370.0
01/01/2023,09:51:14,Oil,0.0
01/01/2023,09:51:14,Other,2.0
01/01/2023,09:51:14,Refuse,342.0
01/01/2023,09:51:14,Solar,270.0
01/01/2023,09:51:14,Wind,760.0
01/01/2023,09:51:14,Wood,222.0
01/01/2023,09:55:43,Coal,6.0
01/01/2023,09:55:43,Hydro,1051.0
01/01/2023,09:55:43,Landfill Gas,36.0
01/01/2023,09:55:43,Natural Gas,2889.0
01/01/2023,09:55:43,Nuclear,3370.0
01/01/2023,09:55:43,Oil,0.0
01/01/2023,09:55:43,Other,2.0
01/01/2023,09:55:43,Refuse,344.0
01/01/2023,09:55:43,Solar,264.0
01/01/2023,09:55:43,Wind,763.0
01/01/2023,09:55:43,Wood,221.0
01/01/2023,09:58:33,Coal,6.0
01/01/2023,09:58:33,Hydro,1051.0
01/01/2023,09:58:33,Landfill Gas,36.0
01/01/2023,09:58:33,Natural Gas,2889.0
01/01/2023,09:58:33,Nuclear,3370.0
01/01/2023,09:58:33,Oil,0.0
01/01/2023,09:58:33,Other,2.0
01/01/2023,09:58:33,Refuse,344.0
01/01/2023,09:58:33,Solar,264.0
01/01/2023,09:58:33,Wind,763.0
01/01/2023,09:58:33,Wood,221.0
01/01/2023,10:09:13,Coal,7.0
01/01/2023,10:09:13,Hydro,1022.0
01/01/2023,10:09:13,Landfill Gas,36.0
01/01/2023,10:09:13,Natural Gas,3010.0
01/01/2023,10:09:13,Nuclear,3370.0
01/01/2023,10:09:13,Oil,0.0
01/01/2023,10:09:13,Other,7.0
01/01/2023,10:09:13,Refuse,336.0
01/01/2023,10:09:13,Solar,277.0
01/01/2023,10:09:13,Wind,692.0
01/01/2023,10:09:13,Wood,222.0
01/01/2023,10:19:44,Coal,3.0
01/01/2023,10:19:44,Hydro,1006.0
01/01/2023,10:19:44,Landfill Gas,36.0
01/01/2023,10:19:44,Natural Gas,3033.0
01/01/2023,10:19:44,Nuclear,3370.0
01/01/2023,10:19:44,Oil,0.0
01/01/2023,10:19:44,Other,3.0
01/01/2023,10:19:44,Refuse,335.0
01/01/2023,10:19:44,Solar,294.0
01/01/2023,10:19:44,Wind,782.0
01/01/2023,10:19:44,Wood,222.0
01/01/2023,10:22:49,Coal,1.0
01/01/2023,10:22:49,Hydro,1009.0
01/01/2023,10:22:49,Landfill Gas,36.0
01/01/2023,10:22:49,Natural Gas,3016.0
01/01/2023,10:22:49,Nuclear,3371.0
01/01/2023,10:22:49,Oil,0.0
01/01/2023,10:22:49,Other,2.0
01/01/2023,10:22:49,Refuse,333.0
01/01/2023,10:22:49,Solar,297.0
01/01/2023,10:22:49,Wind,773.0
01/01/2023,10:22:49,Wood,221.0
01/01/2023,10:30:03,Coal,4.0
01/01/2023,10:30:03,Hydro,1038.0
01/01/2023,10:30:03,Landfill Gas,36.0
01/01/2023,10:30:03,Natural Gas,2997.0
01/01/2023,10:30:03,Nuclear,3371.0
01/01/2023,10:30:03,Oil,0.0
01/01/2023,10:30:03,Other,7.0
01/01/2023,10:30:03,Refuse,328.0
01/01/2023,10:30:03,Solar,321.0
01/01/2023,10:30:03,Wind,901.0
01/01/2023,10:30:03,Wood,218.0
01/01/2023,10:36:40,Coal,9.0
01/01/2023,10:36:40,Hydro,1070.0
01/01/2023,10:36:40,Landfill Gas,36.0
01/01/2023,10:36:40,Natural Gas,3021.0
01/01/2023,10:36:40,Nuclear,3370.0
01/01/2023,10:36:40,Oil,0.0
01/01/2023,10:36:40,Other,38.0
01/01/2023,10:36:40,Refuse,337.0
01/01/2023,10:36:40,Solar,312.0
01/01/2023,10:36:40,Wind,850.0
01/01/2023,10:36:40,Wood,219.0
01/01/2023,10:45:03,Coal,8.0
01/01/2023,10:45:03,Hydro,1071.0
01/01/2023,10:45:03,Landfill Gas,36.0
01/01/2023,10:45:03,Natural Gas,3097.0
01/01/2023,10:45:03,Nuclear,3370.0
01/01/2023,10:45:03,Oil,0.0
01/01/2023,10:45:03,Other,2.0
01/01/2023,10:45:03,Refuse,330.0
01/01/2023,10:45:03,Solar,323.0
01/01/2023,10:45:03,Wind,885.0
01/01/2023,10:45:03,Wood,220.0
01/01/2023,10:47:11,Coal,7.0
01/01/2023,10:47:11,Hydro,1067.0
01/01/2023,10:47:11,Landfill Gas,36.0
01/01/2023,10:47:11,Natural Gas,3099.0
01/01/2023,10:47:11,Nuclear,3370.0
01/01/2023,10:47:11,Oil,0.0
01/01/2023,10:47:11,Other,1.0
01/01/2023,10:47:11,Refuse,332.0
01/01/2023,10:47:11,Solar,313.0
01/01/2023,10:47:11,Wind,893.0
01/01/2023,10:47:11,Wood,219.0
01/01/2023,10:55:59,Coal,9.0
01/01/2023,10:55:59,Hydro,1064.0
01/01/2023,10:55:59,Landfill Gas,36.0
01/01/2023,10:55:59,Natural Gas,3166.0
01/01/2023,10:55:59,Nuclear,3371.0
01/01/2023,10:55:59,Oil,0.0
01/01/2023,10:55:59,Other,2.0
01/01/2023,10:55:59,Refuse,339.0
01/01/2023,10:55:59,Solar,328.0
01/01/2023,10:55:59,Wind,915.0
01/01/2023,10:55:59,Wood,225.0
01/01/2023,11:04:33,Coal,7.0
01/01/2023,11:04:33,Hydro,933.0
01/01/2023,11:04:33,Landfill Gas,36.0
01/01/2023,11:04:33,Natural Gas,3294.0
01/01/2023,11:04:33,Nuclear,3371.0
01/01/2023,11:04:33,Oil,0.0
01/01/2023,11:04:33,Other,1.0
01/01/2023,11:04:33,Refuse,338.0
01/01/2023,11:04:33,Solar,304.0
01/01/2023,11:04:33,Wind,943.0
01/01/2023,11:04:33,Wood,223.0
01/01/2023,11:13:24,Coal,9.0
01/01/2023,11:13:24,Hydro,932.0
01/01/2023,11:13:24,Landfill Gas,36.0
01/01/2023,11:13:24,Natural Gas,3295.0
01/01/2023,11:13:24,Nuclear,3370.0
01/01/2023,11:13:24,Oil,0.0
01/01/2023,11:13:24,Other,1.0
01/01/2023,11:13:24,Refuse,340.0
01/01/2023,11:13:24,Solar,282.0
01/01/2023,11:13:24,Wind,965.0
01/01/2023,11:13:24,Wood,227.0
01/01/2023,11:23:41,Coal,9.0
01/01/2023,11:23:41,Hydro,932.0
01/01/2023,11:23:41,Landfill Gas,36.0
01/01/2023,11:23:41,Natural Gas,3295.0
01/01/2023,11:23:41,Nuclear,3370.0
01/01/2023,11:23:41,Oil,0.0
01/01/2023,11:23:41,Other,1.0
01/01/2023,11:23:41,Refuse,340.0
01/01/2023,11:23:41,Solar,282.0
01/01/2023,11:23:41,Wind,965.0
01/01/2023,11:23:41,Wood,227.0
01/01/2023,11:30:02,Coal,6.0
01/01/2023,11:30:02,Hydro,941.0
01/01/2023,11:30:02,Landfill Gas,36.0
01/01/2023,11:30:02,Natural Gas,3330.0
01/01/2023,11:30:02,Nuclear,3370.0
01/01/2023,11:30:02,Oil,0.0
01/01/2023,11:30:02,Other,1.0
01/01/2023,11:30:02,Refuse,333.0
01/01/2023,11:30:02,Solar,291.0
01/01/2023,11:30:02,Wind,987.0
01/01/2023,11:30:02,Wood,229.0
01/01/2023,11:42:06,Coal,8.0
01/01/2023,11:42:06,Hydro,943.0
01/01/2023,11:42:06,Landfill Gas,36.0
01/01/2023,11:42:06,Natural Gas,3216.0
01/01/2023,11:42:06,Nuclear,3372.0
01/01/2023,11:42:06,Oil,0.0
01/01/2023,11:42:06,Other,18.0
01/01/2023,11:42:06,Refuse,328.0
01/01/2023,11:42:06,Solar,245.0
01/01/2023,11:42:06,Wind,957.0
01/01/2023,11:42:06,Wood,230.0
01/01/2023,11:47:54,Coal,6.0
01/01/2023,11:47:54,Hydro,943.0
01/01/2023,11:47:54,Landfill Gas,36.0
01/01/2023,11:47:54,Natural Gas,3352.0
01/01/2023,11:47:54,Nuclear,3371.0
01/01/2023,11:47:54,Oil,0.0
01/01/2023,11:47:54,Other,17.0
01/01/2023,11:47:54,Refuse,344.0
01/01/2023,11:47:54,Solar,251.0
01/01/2023,11:47:54,Wind,965.0
01/01/2023,11:47:54,Wood,228.0
01/01/2023,11:56:50,Coal,0.0
01/01/2023,11:56:50,Hydro,945.0
01/01/2023,11:56:50,Landfill Gas,36.0
01/01/2023,11:56:50,Natural Gas,3736.0
01/01/2023,11:56:50,Nuclear,3371.0
01/01/2023,11:56:50,Oil,0.0
01/01/2023,11:56:50,Other,2.0
01/01/2023,11:56:50,Refuse,330.0
01/01/2023,11:56:50,Solar,251.0
01/01/2023,11:56:50,Wind,955.0
01/01/2023,11:56:50,Wood,229.0
01/01/2023,12:04:17,Coal,0.0
01/01/2023,12:04:17,Hydro,950.0
01/01/2023,12:04:17,Landfill Gas,36.0
01/01/2023,12:04:17,Natural Gas,3661.0
01/01/2023,12:04:17,Nuclear,3371.0
01/01/2023,12:04:17,Oil,0.0
01/01/2023,12:04:17,Other,18.0
01/01/2023,12:04:17,Refuse,339.0
01/01/2023,12:04:17,Solar,259.0
01/01/2023,12:04:17,Wind,967.0
01/01/2023,12:04:17,Wood,229.0
01/01/2023,12:04:26,Coal,0.0
01/01/2023,12:04:26,Hydro,950.0
01/01/2023,12:04:26,Landfill Gas,36.0
01/01/2023,12:04:26,Natural Gas,3661.0
01/01/2023,12:04:26,Nuclear,3371.0
01/01/2023,12:04:26,Oil,0.0
01/01/2023,12:04:26,Other,18.0
01/01/2023,12:04:26,Refuse,339.0
01/01/2023,12:04:26,Solar,259.0
01/01/2023,12:04:26,Wind,967.0
01/01/2023,12:04:26,Wood,229.0
01/01/2023,12:06:57,Coal,0.0
01/01/2023,12:06:57,Hydro,949.0
01/01/2023,12:06:57,Landfill Gas,36.0
01/01/2023,12:06:57,Natural Gas,3736.0
01/01/2023,12:06:57,Nuclear,3372.0
01/01/2023,12:06:57,Oil,0.0
01/01/2023,12:06:57,Other,4.0
01/01/2023,12:06:57,Refuse,341.0
01/01/2023,12:06:57,Solar,281.0
01/01/2023,12:06:57,Wind,954.0
01/01/2023,12:06:57,Wood,231.0
01/01/2023,12:18:22,Coal,1.0
01/01/2023,12:18:22,Hydro,949.0
01/01/2023,12:18:22,Landfill Gas,36.0
01/01/2023,12:18:22,Natural Gas,3623.0
01/01/2023,12:18:22,Nuclear,3372.0
01/01/2023,12:18:22,Oil,0.0
01/01/2023,12:18:22,Other,15.0
01/01/2023,12:18:22,Refuse,344.0
01/01/2023,12:18:22,Solar,260.0
01/01/2023,12:18:22,Wind,954.0
01/01/2023,12:18:22,Wood,232.0
01/01/2023,12:18:26,Coal,1.0
01/01/2023,12:18:26,Hydro,949.0
01/01/2023,12:18:26,Landfill Gas,36.0
01/01/2023,12:18:26,Natural Gas,3623.0
01/01/2023,12:18:26,Nuclear,3372.0
01/01/2023,12:18:26,Oil,0.0
01/01/2023,12:18:26,Other,15.0
01/01/2023,12:18:26,Refuse,344.0
01/01/2023,12:18:26,Solar,260.0
01/01/2023,12:18:26,Wind,954.0
01/01/2023,12:18:26,Wood,232.0
01/01/2023,12:24:44,Coal,2.0
01/01/2023,12:24:44,Hydro,948.0
01/01/2023,12:24:44,Landfill Gas,36.0
01/01/2023,12:24:44,Natural Gas,3617.0
01/01/2023,12:24:44,Nuclear,3371.0
01/01/2023,12:24:44,Oil,0.0
01/01/2023,12:24:44,Other,16.0
01/01/2023,12:24:44,Refuse,341.0
01/01/2023,12:24:44,Solar,239.0
01/01/2023,12:24:44,Wind,958.0
01/01/2023,12:24:44,Wood,231.0
01/01/2023,12:26:01,Coal,1.0
01/01/2023,12:26:01,Hydro,948.0
01/01/2023,12:26:01,Landfill Gas,36.0
01/01/2023,12:26:01,Natural Gas,3629.0
01/01/2023,12:26:01,Nuclear,3371.0
01/01/2023,12:26:01,Oil,0.0
01/01/2023,12:26:01,Other,11.0
01/01/2023,12:26:01,Refuse,344.0
01/01/2023,12:26:01,Solar,213.0
01/01/2023,12:26:01,Wind,948.0
01/01/2023,12:26:01,Wood,230.0
01/01/2023,12:33:36,Coal,0.0
01/01/2023,12:33:36,Hydro,947.0
01/01/2023,12:33:36,Landfill Gas,37.0
01/01/2023,12:33:36,Natural Gas,3908.0
01/01/2023,12:33:36,Nuclear,3371.0
01/01/2023,12:33:36,Oil,0.0
01/01/2023,12:33:36,Other,2.0
01/01/2023,12:33:36,Refuse,337.0
01/01/2023,12:33:36,Solar,211.0
01/01/2023,12:33:36,Wind,946.0
01/01/2023,12:33:36,Wood,230.0
01/01/2023,12:44:33,Coal,0.0
01/01/2023,12:44:33,Hydro,946.0
01/01/2023,12:44:33,Landfill Gas,36.0
01/01/2023,12:44:33,Natural Gas,3808.0
01/01/2023,12:44:33,Nuclear,3371.0
01/01/2023,12:44:33,Oil,0.0
01/01/2023,12:44:33,Other,2.0
01/01/2023,12:44:33,Refuse,346.0
01/01/2023,12:44:33,Solar,206.0
01/01/2023,12:44:33,Wind,931.0
01/01/2023,12:44:33,Wood,230.0
01/01/2023,12:55:01,Coal,0.0
01/01/2023,12:55:01,Hydro,945.0
01/01/2023,12:55:01,Landfill Gas,36.0
01/01/2023,12:55:01,Natural Gas,3583.0
01/01/2023,12:55:01,Nuclear,3372.0
01/01/2023,12:55:01,Oil,0.0
01/01/2023,12:55:01,Other,26.0
01/01/2023,12:55:01,Refuse,346.0
01/01/2023,12:55:01,Solar,209.0
01/01/2023,12:55:01,Wind,918.0
01/01/2023,12:55:01,Wood,228.0
01/01/2023,12:55:11,Coal,0.0
01/01/2023,12:55:11,Hydro,944.0
01/01/2023,12:55:11,Landfill Gas,36.0
01/01/2023,12:55:11,Natural Gas,3582.0
01/01/2023,12:55:11,Nuclear,3372.0
01/01/2023,12:55:11,Oil,0.0
01/01/2023,12:55:11,Other,20.0
01/01/2023,12:55:11,Refuse,345.0
01/01/2023,12:55:11,Solar,213.0
01/01/2023,12:55:11,Wind,916.0
01/01/2023,12:55:11,Wood,229.0
01/01/2023,13:05:18,Coal,0.0
01/01/2023,13:05:18,Hydro,957.0
01/01/2023,13:05:18,Landfill Gas,36.0
01/01/2023,13:05:18,Natural Gas,3354.0
01/01/2023,13:05:18,Nuclear,3371.0
01/01/2023,13:05:18,Oil,0.0
01/01/2023,13:05:18,Other,4.0
01/01/2023,13:05:18,Refuse,335.0
01/01/2023,13:05:18,Solar,245.0
01/01/2023,13:05:18,Wind,888.0
01/01/2023,13:05:18,Wood,228.0
01/01/2023,13:15:57,Coal,4.0
01/01/2023,13:15:57,Hydro,957.0
01/01/2023,13:15:57,Landfill Gas,35.0
01/01/2023,13:15:57,Natural Gas,3346.0
01/01/2023,13:15:57,Nuclear,3371.0
01/01/2023,13:15:57,Oil,0.0
01/01/2023,13:15:57,Other,2.0
01/01/2023,13:15:57,Refuse,336.0
01/01/2023,13:15:57,Solar,245.0
01/01/2023,13:15:57,Wind,884.0
01/01/2023,13:15:57,Wood,230.0
01/01/2023,13:16:02,Coal,4.0
01/01/2023,13:16:02,Hydro,957.0
01/01/2023,13:16:02,Landfill Gas,35.0
01/01/2023,13:16:02,Natural Gas,3346.0
01/01/2023,13:16:02,Nuclear,3371.0
01/01/2023,13:16:02,Oil,0.0
01/01/2023,13:16:02,Other,2.0
01/01/2023,13:16:02,Refuse,336.0
01/01/2023,13:16:02,Solar,245.0
01/01/2023,13:16:02,Wind,884.0
01/01/2023,13:16:02,Wood,230.0
01/01/2023,13:17:45,Coal,3.0
01/01/2023,13:17:45,Hydro,956.0
01/01/2023,13:17:45,Landfill Gas,35.0
01/01/2023,13:17:45,Natural Gas,3348.0
01/01/2023,13:17:45,Nuclear,3371.0
01/01/2023,13:17:45,Oil,0.0
01/01/2023,13:17:45,Other,2.0
01/01/2023,13:17:45,Refuse,336.0
01/01/2023,13:17:45,Solar,256.0
01/01/2023,13:17:45,Wind,866.0
01/01/2023,13:17:45,Wood,229.0
01/01/2023,13:27:00,Coal,3.0
01/01/2023,13:27:00,Hydro,957.0
01/01/2023,13:27:00,Landfill Gas,35.0
01/01/2023,13:27:00,Natural Gas,3345.0
01/01/2023,13:27:00,Nuclear,3372.0
01/01/2023,13:27:00,Oil,0.0
01/01/2023,13:27:00,Other,8.0
01/01/2023,13:27:00,Refuse,345.0
01/01/2023,13:27:00,Solar,252.0
01/01/2023,13:27:00,Wind,836.0
01/01/2023,13:27:00,Wood,230.0
01/01/2023,13:35:31,Coal,1.0
01/01/2023,13:35:31,Hydro,956.0
01/01/2023,13:35:31,Landfill Gas,35.0
01/01/2023,13:35:31,Natural Gas,3340.0
01/01/2023,13:35:31,Nuclear,3372.0
01/01/2023,13:35:31,Oil,0.0
01/01/2023,13:35:31,Other,12.0
01/01/2023,13:35:31,Refuse,347.0
01/01/2023,13:35:31,Solar,239.0
01/01/2023,13:35:31,Wind,831.0
01/01/2023,13:35:31,Wood,231.0
01/01/2023,13:45:04,Coal,3.0
01/01/2023,13:45:04,Hydro,993.0
01/01/2023,13:45:04,Landfill Gas,35.0
01/01/2023,13:45:04,Natural Gas,3416.0
01/01/2023,13:45:04,Nuclear,3371.0
01/01/2023,13:45:04,Oil,0.0
01/01/2023,13:45:04,Other,2.0
01/01/2023,13:45:04,Refuse,338.0
01/01/2023,13:45:04,Solar,273.0
01/01/2023,13:45:04,Wind,824.0
01/01/2023,13:45:04,Wood,232.0
01/01/2023,13:54:23,Coal,0.0
01/01/2023,13:54:23,Hydro,995.0
01/01/2023,13:54:23,Landfill Gas,35.0
01/01/2023,13:54:23,Natural Gas,3415.0
01/01/2023,13:54:23,Nuclear,3371.0
01/01/2023,13:54:23,Oil,0.0
01/01/2023,13:54:23,Other,2.0
01/01/2023,13:54:23,Refuse,341.0
01/01/2023,13:54:23,Solar,261.0
01/01/2023,13:54:23,Wind,821.0
01/01/2023,13:54:23,Wood,233.0
01/01/2023,14:04:09,Coal,4.0
01/01/2023,14:04:09,Hydro,966.0
01/01/2023,14:04:09,Landfill Gas,35.0
01/01/2023,14:04:09,Natural Gas,3472.0
01/01/2023,14:04:09,Nuclear,3371.0
01/01/2023,14:04:09,Oil,0.0
01/01/2023,14:04:09,Other,24.0
01/01/2023,14:04:09,Refuse,345.0
01/01/2023,14:04:09,Solar,243.0
01/01/2023,14:04:09,Wind,812.0
01/01/2023,14:04:09,Wood,221.0
01/01/2023,14:09:07,Coal,12.0
01/01/2023,14:09:07,Hydro,955.0
01/01/2023,14:09:07,Landfill Gas,35.0
01/01/2023,14:09:07,Natural Gas,3612.0
01/01/2023,14:09:07,Nuclear,3373.0
01/01/2023,14:09:07,Oil,0.0
01/01/2023,14:09:07,Other,2.0
01/01/2023,14:09:07,Refuse,347.0
01/01/2023,14:09:07,Solar,221.0
01/01/2023,14:09:07,Wind,819.0
01/01/2023,14:09:07,Wood,221.0
01/01/2023,14:19:25,Coal,22.0
01/01/2023,14:19:25,Hydro,961.0
01/01/2023,14:19:25,Landfill Gas,35.0
01/01/2023,14:19:25,Natural Gas,3746.0
01/01/2023,14:19:25,Nuclear,3371.0
01/01/2023,14:19:25,Oil,0.0
01/01/2023,14:19:25,Other,4.0
01/01/2023,14:19:25,Refuse,342.0
01/01/2023,14:19:25,Solar,201.0
01/01/2023,14:19:25,Wind,772.0
01/01/2023,14:19:25,Wood,219.0
01/01/2023,14:24:59,Coal,18.0
01/01/2023,14:24:59,Hydro,957.0
01/01/2023,14:24:59,Landfill Gas,35.0
01/01/2023,14:24:59,Natural Gas,3781.0
01/01/2023,14:24:59,Nuclear,3370.0
01/01/2023,14:24:59,Oil,0.0
01/01/2023,14:24:59,Other,8.0
01/01/2023,14:24:59,Refuse,348.0
01/01/2023,14:24:59,Solar,196.0
01/01/2023,14:24:59,Wind,758.0
01/01/2023,14:24:59,Wood,217.0
01/01/2023,14:35:07,Coal,13.0
01/01/2023,14:35:07,Hydro,959.0
01/01/2023,14:35:07,Landfill Gas,35.0
01/01/2023,14:35:07,Natural Gas,3960.0
01/01/2023,14:35:07,Nuclear,3371.0
01/01/2023,14:35:07,Oil,0.0
01/01/2023,14:35:07,Other,2.0
01/01/2023,14:35:07,Refuse,343.0
01/01/2023,14:35:07,Solar,173.0
01/01/2023,14:35:07,Wind,715.0
01/01/2023,14:35:07,Wood,214.0
01/01/2023,14:45:16,Coal,14.0
01/01/2023,14:45:16,Hydro,960.0
01/01/2023,14:45:16,Landfill Gas,36.0
01/01/2023,14:45:16,Natural Gas,4194.0
01/01/2023,14:45:16,Nuclear,3371.0
01/01/2023,14:45:16,Oil,0.0
01/01/2023,14:45:16,Other,1.0
01/01/2023,14:45:16,Refuse,336.0
01/01/2023,14:45:16,Solar,166.0
01/01/2023,14:45:16,Wind,684.0
01/01/2023,14:45:16,Wood,212.0
01/01/2023,14:55:25,Coal,11.0
01/01/2023,14:55:25,Hydro,958.0
01/01/2023,14:55:25,Landfill Gas,36.0
01/01/2023,14:55:25,Natural Gas,4253.0
01/01/2023,14:55:25,Nuclear,3372.0
01/01/2023,14:55:25,Oil,0.0
01/01/2023,14:55:25,Other,10.0
01/01/2023,14:55:25,Refuse,333.0
01/01/2023,14:55:25,Solar,130.0
01/01/2023,14:55:25,Wind,669.0
01/01/2023,14:55:25,Wood,214.0
01/01/2023,15:05:34,Coal,10.0
01/01/2023,15:05:34,Hydro,956.0
01/01/2023,15:05:34,Landfill Gas,36.0
01/01/2023,15:05:34,Natural Gas,4421.0
01/01/2023,15:05:34,Nuclear,3371.0
01/01/2023,15:05:34,Oil,0.0
01/01/2023,15:05:34,Other,1.0
01/01/2023,15:05:34,Refuse,337.0
01/01/2023,15:05:34,Solar,98.0
01/01/2023,15:05:34,Wind,662.0
01/01/2023,15:05:34,Wood,217.0
01/01/2023,15:15:40,Coal,23.0
01/01/2023,15:15:40,Hydro,1059.0
01/01/2023,15:15:40,Landfill Gas,37.0
01/01/2023,15:15:40,Natural Gas,4343.0
01/01/2023,15:15:40,Nuclear,3371.0
01/01/2023,15:15:40,Oil,0.0
01/01/2023,15:15:40,Other,2.0
01/01/2023,15:15:40,Refuse,340.0
01/01/2023,15:15:40,Solar,86.0
01/01/2023,15:15:40,Wind,658.0
01/01/2023,15:15:40,Wood,220.0
01/01/2023,15:25:27,Coal,22.0
01/01/2023,15:25:27,Hydro,1027.0
01/01/2023,15:25:27,Landfill Gas,37.0
01/01/2023,15:25:27,Natural Gas,4488.0
01/01/2023,15:25:27,Nuclear,3371.0
01/01/2023,15:25:27,Oil,0.0
01/01/2023,15:25:27,Other,11.0
01/01/2023,15:25:27,Refuse,345.0
01/01/2023,15:25:27,Solar,62.0
01/01/2023,15:25:27,Wind,649.0
01/01/2023,15:25:27,Wood,218.0
01/01/2023,15:35:39,Coal,15.0
01/01/2023,15:35:39,Hydro,1268.0
01/01/2023,15:35:39,Landfill Gas,37.0
01/01/2023,15:35:39,Natural Gas,4475.0
01/01/2023,15:35:39,Nuclear,3370.0
01/01/2023,15:35:39,Oil,0.0
01/01/2023,15:35:39,Other,0.0
01/01/2023,15:35:39,Refuse,343.0
01/01/2023,15:35:39,Solar,41.0
01/01/2023,15:35:39,Wind,651.0
01/01/2023,15:35:39,Wood,221.0
01/01/2023,15:48:18,Coal,23.0
01/01/2023,15:48:18,Hydro,1250.0
01/01/2023,15:48:18,Landfill Gas,37.0
01/01/2023,15:48:18,Natural Gas,4629.0
01/01/2023,15:48:18,Nuclear,3370.0
01/01/2023,15:48:18,Oil,0.0
01/01/2023,15:48:18,Other,0.0
01/01/2023,15:48:18,Refuse,342.0
01/01/2023,15:48:18,Solar,24.0
01/01/2023,15:48:18,Wind,633.0
01/01/2023,15:48:18,Wood,223.0
01/01/2023,15:56:06,Coal,18.0
01/01/2023,15:56:06,Hydro,1252.0
01/01/2023,15:56:06,Landfill Gas,37.0
01/01/2023,15:56:06,Natural Gas,4721.0
01/01/2023,15:56:06,Nuclear,3371.0
01/01/2023,15:56:06,Oil,0.0
01/01/2023,15:56:06,Other,1.0
01/01/2023,15:56:06,Refuse,348.0
01/01/2023,15:56:06,Solar,18.0
01/01/2023,15:56:06,Wind,628.0
01/01/2023,15:56:06,Wood,226.0
01/01/2023,15:56:11,Coal,18.0
01/01/2023,15:56:11,Hydro,1252.0
01/01/2023,15:56:11,Landfill Gas,37.0
01/01/2023,15:56:11,Natural Gas,4721.0
01/01/2023,15:56:11,Nuclear,3371.0
01/01/2023,15:56:11,Oil,0.0
01/01/2023,15:56:11,Other,1.0
01/01/2023,15:56:11,Refuse,348.0
01/01/2023,15:56:11,Solar,18.0
01/01/2023,15:56:11,Wind,628.0
01/01/2023,15:56:11,Wood,226.0
01/01/2023,16:03:19,Coal,17.0
01/01/2023,16:03:19,Hydro,1260.0
01/01/2023,16:03:19,Landfill Gas,37.0
01/01/2023,16:03:19,Natural Gas,4569.0
01/01/2023,16:03:19,Nuclear,3371.0
01/01/2023,16:03:19,Oil,0.0
01/01/2023,16:03:19,Other,1.0
01/01/2023,16:03:19,Refuse,344.0
01/01/2023,16:03:19,Solar,12.0
01/01/2023,16:03:19,Wind,643.0
01/01/2023,16:03:19,Wood,229.0
01/01/2023,16:09:01,Coal,18.0
01/01/2023,16:09:01,Hydro,1277.0
01/01/2023,16:09:01,Landfill Gas,37.0
01/01/2023,16:09:01,Natural Gas,4385.0
01/01/2023,16:09:01,Nuclear,3371.0
01/01/2023,16:09:01,Oil,0.0
01/01/2023,16:09:01,Other,1.0
01/01/2023,16:09:01,Refuse,345.0
01/01/2023,16:09:01,Solar,8.0
01/01/2023,16:09:01,Wind,643.0
01/01/2023,16:09:01,Wood,228.0
01/01/2023,16:16:20,Coal,21.0
01/01/2023,16:16:20,Hydro,1325.0
01/01/2023,16:16:20,Landfill Gas,37.0
01/01/2023,16:16:20,Natural Gas,4437.0
01/01/2023,16:16:20,Nuclear,3371.0
01/01/2023,16:16:20,Oil,0.0
01/01/2023,16:16:20,Other,11.0
01/01/2023,16:16:20,Refuse,347.0
01/01/2023,16:16:20,Solar,5.0
01/01/2023,16:16:20,Wind,614.0
01/01/2023,16:16:20,Wood,233.0
01/01/2023,16:25:52,Coal,17.0
01/01/2023,16:25:52,Hydro,1330.0
01/01/2023,16:25:52,Landfill Gas,37.0
01/01/2023,16:25:52,Natural Gas,4657.0
01/01/2023,16:25:52,Nuclear,3371.0
01/01/2023,16:25:52,Oil,0.0
01/01/2023,16:25:52,Other,8.0
01/01/2023,16:25:52,Refuse,345.0
01/01/2023,16:25:52,Solar,2.0
01/01/2023,16:25:52,Wind,583.0
01/01/2023,16:25:52,Wood,230.0
01/01/2023,16:27:57,Coal,15.0
01/01/2023,16:27:57,Hydro,1333.0
01/01/2023,16:27:57,Landfill Gas,37.0
01/01/2023,16:27:57,Natural Gas,4712.0
01/01/2023,16:27:57,Nuclear,3371.0
01/01/2023,16:27:57,Oil,0.0
01/01/2023,16:27:57,Other,8.0
01/01/2023,16:27:57,Refuse,346.0
01/01/2023,16:27:57,Solar,2.0
01/01/2023,16:27:57,Wind,578.0
01/01/2023,16:27:57,Wood,232.0
01/01/2023,16:38:48,Coal,5.0
01/01/2023,16:38:48,Hydro,1517.0
01/01/2023,16:38:48,Landfill Gas,37.0
01/01/2023,16:38:48,Natural Gas,4939.0
01/01/2023,16:38:48,Nuclear,3371.0
01/01/2023,16:38:48,Oil,0.0
01/01/2023,16:38:48,Other,3.0
01/01/2023,16:38:48,Refuse,334.0
01/01/2023,16:38:48,Solar,2.0
01/01/2023,16:38:48,Wind,592.0
01/01/2023,16:38:48,Wood,236.0
01/01/2023,16:41:37,Coal,0.0
01/01/2023,16:41:37,Hydro,1518.0
01/01/2023,16:41:37,Landfill Gas,37.0
01/01/2023,16:41:37,Natural Gas,4975.0
01/01/2023,16:41:37,Nuclear,3371.0
01/01/2023,16:41:37,Oil,0.0
01/01/2023,16:41:37,Other,3.0
01/01/2023,16:41:37,Refuse,336.0
01/01/2023,16:41:37,Solar,2.0
01/01/2023,16:41:37,Wind,589.0
01/01/2023,16:41:37,Wood,236.0
01/01/2023,16:49:48,Coal,10.0
01/01/2023,16:49:48,Hydro,1603.0
01/01/2023,16:49:48,Landfill Gas,37.0
01/01/2023,16:49:48,Natural Gas,4963.0
01/01/2023,16:49:48,Nuclear,3372.0
01/01/2023,16:49:48,Oil,0.0
01/01/2023,16:49:48,Other,1.0
01/01/2023,16:49:48,Refuse,336.0
01/01/2023,16:49:48,Solar,2.0
01/01/2023,16:49:48,Wind,622.0
01/01/2023,16:49:48,Wood,234.0
01/01/2023,16:57:38,Coal,9.0
01/01/2023,16:57:38,Hydro,1757.0
01/01/2023,16:57:38,Landfill Gas,37.0
01/01/2023,16:57:38,Natural Gas,4968.0
01/01/2023,16:57:38,Nuclear,3372.0
01/01/2023,16:57:38,Oil,0.0
01/01/2023,16:57:38,Other,4.0
01/01/2023,16:57:38,Refuse,332.0
01/01/2023,16:57:38,Solar,2.0
01/01/2023,16:57:38,Wind,590.0
01/01/2023,16:57:38,Wood,239.0
01/01/2023,17:08:39,Coal,6.0
01/01/2023,17:08:39,Hydro,1713.0
01/01/2023,17:08:39,Landfill Gas,37.0
01/01/2023,17:08:39,Natural Gas,4985.0
01/01/2023,17:08:39,Nuclear,3370.0
01/01/2023,17:08:39,Oil,0.0
01/01/2023,17:08:39,Other,8.0
01/01/2023,17:08:39,Refuse,328.0
01/01/2023,17:08:39,Solar,2.0
01/01/2023,17:08:39,Wind,544.0
01/01/2023,17:08:39,Wood,236.0
01/01/2023,17:18:52,Coal,4.0
01/01/2023,17:18:52,Hydro,1822.0
01/01/2023,17:18:52,Landfill Gas,37.0
01/01/2023,17:18:52,Natural Gas,5074.0
01/01/2023,17:18:52,Nuclear,3370.0
01/01/2023,17:18:52,Oil,0.0
01/01/2023,17:18:52,Other,4.0
01/01/2023,17:18:52,Refuse,339.0
01/01/2023,17:18:52,Solar,2.0
01/01/2023,17:18:52,Wind,528.0
01/01/2023,17:18:52,Wood,240.0
01/01/2023,17:29:03,Coal,1.0
01/01/2023,17:29:03,Hydro,1859.0
01/01/2023,17:29:03,Landfill Gas,37.0
01/01/2023,17:29:03,Natural Gas,5117.0
01/01/2023,17:29:03,Nuclear,3370.0
01/01/2023,17:29:03,Oil,0.0
01/01/2023,17:29:03,Other,7.0
01/01/2023,17:29:03,Refuse,335.0
01/01/2023,17:29:03,Solar,2.0
01/01/2023,17:29:03,Wind,502.0
01/01/2023,17:29:03,Wood,236.0
01/01/2023,17:40:13,Coal,0.0
01/01/2023,17:40:13,Hydro,1899.0
01/01/2023,17:40:13,Landfill Gas,37.0
01/01/2023,17:40:13,Natural Gas,4984.0
01/01/2023,17:40:13,Nuclear,3371.0
01/01/2023,17:40:13,Oil,0.0
01/01/2023,17:40:13,Other,2.0
01/01/2023,17:40:13,Refuse,340.0
01/01/2023,17:40:13,Solar,2.0
01/01/2023,17:40:13,Wind,516.0
01/01/2023,17:40:13,Wood,239.0
01/01/2023,17:48:55,Coal,0.0
01/01/2023,17:48:55,Hydro,1950.0
01/01/2023,17:48:55,Landfill Gas,37.0
01/01/2023,17:48:55,Natural Gas,4912.0
01/01/2023,17:48:55,Nuclear,3371.0
01/01/2023,17:48:55,Oil,0.0
01/01/2023,17:48:55,Other,14.0
01/01/2023,17:48:55,Refuse,334.0
01/01/2023,17:48:55,Solar,2.0
01/01/2023,17:48:55,Wind,525.0
01/01/2023,17:48:55,Wood,241.0
01/01/2023,17:57:06,Coal,0.0
01/01/2023,17:57:06,Hydro,1894.0
01/01/2023,17:57:06,Landfill Gas,37.0
01/01/2023,17:57:06,Natural Gas,4905.0
01/01/2023,17:57:06,Nuclear,3371.0
01/01/2023,17:57:06,Oil,0.0
01/01/2023,17:57:06,Other,4.0
01/01/2023,17:57:06,Refuse,326.0
01/01/2023,17:57:06,Solar,2.0
01/01/2023,17:57:06,Wind,521.0
01/01/2023,17:57:06,Wood,243.0
01/01/2023,17:59:31,Coal,0.0
01/01/2023,17:59:31,Hydro,1894.0
01/01/2023,17:59:31,Landfill Gas,37.0
01/01/2023,17:59:31,Natural Gas,4905.0
01/01/2023,17:59:31,Nuclear,3371.0
01/01/2023,17:59:31,Oil,0.0
01/01/2023,17:59:31,Other,4.0
01/01/2023,17:59:31,Refuse,326.0
01/01/2023,17:59:31,Solar,2.0
01/01/2023,17:59:31,Wind,521.0
01/01/2023,17:59:31,Wood,243.0
01/01/2023,18:07:12,Coal,0.0
01/01/2023,18:07:12,Hydro,1787.0
01/01/2023,18:07:12,Landfill Gas,37.0
01/01/2023,18:07:12,Natural Gas,4856.0
01/01/2023,18:07:12,Nuclear,3370.0
01/01/2023,18:07:12,Oil,0.0
01/01/2023,18:07:12,Other,1.0
01/01/2023,18:07:12,Refuse,328.0
01/01/2023,18:07:12,Solar,2.0
01/01/2023,18:07:12,Wind,566.0
01/01/2023,18:07:12,Wood,242.0
01/01/2023,18:13:23,Coal,0.0
01/01/2023,18:13:23,Hydro,1732.0
01/01/2023,18:13:23,Landfill Gas,37.0
01/01/2023,18:13:23,Natural Gas,4785.0
01/01/2023,18:13:23,Nuclear,3371.0
01/01/2023,18:13:23,Oil,0.0
01/01/2023,18:13:23,Other,11.0
01/01/2023,18:13:23,Refuse,330.0
01/01/2023,18:13:23,Solar,2.0
01/01/2023,18:13:23,Wind,596.0
01/01/2023,18:13:23,Wood,242.0
01/01/2023,18:20:03,Coal,0.0
01/01/2023,18:20:03,Hydro,1700.0
01/01/2023,18:20:03,Landfill Gas,37.0
01/01/2023,18:20:03,Natural Gas,4767.0
01/01/2023,18:20:03,Nuclear,3372.0
01/01/2023,18:20:03,Oil,0.0
01/01/2023,18:20:03,Other,1.0
01/01/2023,18:20:03,Refuse,323.0
01/01/2023,18:20:03,Solar,2.0
01/01/2023,18:20:03,Wind,585.0
01/01/2023,18:20:03,Wood,242.0
01/01/2023,18:22:06,Coal,0.0
01/01/2023,18:22:06,Hydro,1730.0
01/01/2023,18:22:06,Landfill Gas,37.0
01/01/2023,18:22:06,Natural Gas,4756.0
01/01/2023,18:22:06,Nuclear,3372.0
01/01/2023,18:22:06,Oil,0.0
01/01/2023,18:22:06,Other,3.0
01/01/2023,18:22:06,Refuse,325.0
01/01/2023,18:22:06,Solar,2.0
01/01/2023,18:22:06,Wind,575.0
01/01/2023,18:22:06,Wood,243.0
01/01/2023,18:32:27,Coal,0.0
01/01/2023,18:32:27,Hydro,1630.0
01/01/2023,18:32:27,Landfill Gas,37.0
01/01/2023,18:32:27,Natural Gas,4734.0
01/01/2023,18:32:27,Nuclear,3372.0
01/01/2023,18:32:27,Oil,0.0
01/01/2023,18:32:27,Other,4.0
01/01/2023,18:32:27,Refuse,332.0
01/01/2023,18:32:27,Solar,2.0
01/01/2023,18:32:27,Wind,578.0
01/01/2023,18:32:27,Wood,241.0
01/01/2023,18:39:59,Coal,1.0
01/01/2023,18:39:59,Hydro,1631.0
01/01/2023,18:39:59,Landfill Gas,37.0
01/01/2023,18:39:59,Natural Gas,4778.0
01/01/2023,18:39:59,Nuclear,3371.0
01/01/2023,18:39:59,Oil,0.0
01/01/2023,18:39:59,Other,3.0
01/01/2023,18:39:59,Refuse,333.0
01/01/2023,18:39:59,Solar,2.0
01/01/2023,18:39:59,Wind,584.0
01/01/2023,18:39:59,Wood,238.0
01/01/2023,18:48:37,Coal,3.0
01/01/2023,18:48:37,Hydro,1448.0
01/01/2023,18:48:37,Landfill Gas,37.0
01/01/2023,18:48:37,Natural Gas,4800.0
01/01/2023,18:48:37,Nuclear,3371.0
01/01/2023,18:48:37,Oil,0.0
01/01/2023,18:48:37,Other,4.0
01/01/2023,18:48:37,Refuse,338.0
01/01/2023,18:48:37,Solar,2.0
01/01/2023,18:48:37,Wind,592.0
01/01/2023,18:48:37,Wood,241.0
01/01/2023,18:55:05,Coal,4.0
01/01/2023,18:55:05,Hydro,1502.0
01/01/2023,18:55:05,Landfill Gas,37.0
01/01/2023,18:55:05,Natural Gas,4654.0
01/01/2023,18:55:05,Nuclear,3374.0
01/01/2023,18:55:05,Oil,0.0
01/01/2023,18:55:05,Other,13.0
01/01/2023,18:55:05,Refuse,335.0
01/01/2023,18:55:05,Solar,2.0
01/01/2023,18:55:05,Wind,599.0
01/01/2023,18:55:05,Wood,243.0
01/01/2023,19:03:11,Coal,6.0
01/01/2023,19:03:11,Hydro,1483.0
01/01/2023,19:03:11,Landfill Gas,37.0
01/01/2023,19:03:11,Natural Gas,4701.0
01/01/2023,19:03:11,Nuclear,3374.0
01/01/2023,19:03:11,Oil,0.0
01/01/2023,19:03:11,Other,3.0
01/01/2023,19:03:11,Refuse,339.0
01/01/2023,19:03:11,Solar,2.0
01/01/2023,19:03:11,Wind,606.0
01/01/2023,19:03:11,Wood,242.0
01/01/2023,19:09:52,Coal,2.0
01/01/2023,19:09:52,Hydro,1424.0
01/01/2023,19:09:52,Landfill Gas,37.0
01/01/2023,19:09:52,Natural Gas,4668.0
01/01/2023,19:09:52,Nuclear,3371.0
01/01/2023,19:09:52,Oil,0.0
01/01/2023,19:09:52,Other,4.0
01/01/2023,19:09:52,Refuse,337.0
01/01/2023,19:09:52,Solar,2.0
01/01/2023,19:09:52,Wind,599.0
01/01/2023,19:09:52,Wood,240.0
01/01/2023,19:16:41,Coal,5.0
01/01/2023,19:16:41,Hydro,1373.0
01/01/2023,19:16:41,Landfill Gas,37.0
01/01/2023,19:16:41,Natural Gas,4661.0
01/01/2023,19:16:41,Nuclear,3371.0
01/01/2023,19:16:41,Oil,0.0
01/01/2023,19:16:41,Other,11.0
01/01/2023,19:16:41,Refuse,328.0
01/01/2023,19:16:41,Solar,2.0
01/01/2023,19:16:41,Wind,612.0
01/01/2023,19:16:41,Wood,242.0
01/01/2023,19:25:25,Coal,4.0
01/01/2023,19:25:25,Hydro,1364.0
01/01/2023,19:25:25,Landfill Gas,37.0
01/01/2023,19:25:25,Natural Gas,4601.0
01/01/2023,19:25:25,Nuclear,3373.0
01/01/2023,19:25:25,Oil,0.0
01/01/2023,19:25:25,Other,2.0
01/01/2023,19:25:25,Refuse,336.0
01/01/2023,19:25:25,Solar,2.0
01/01/2023,19:25:25,Wind,607.0
01/01/2023,19:25:25,Wood,240.0
01/01/2023,19:33:30,Coal,4.0
01/01/2023,19:33:30,Hydro,1370.0
01/01/2023,19:33:30,Landfill Gas,37.0
01/01/2023,19:33:30,Natural Gas,4709.0
01/01/2023,19:33:30,Nuclear,3373.0
01/01/2023,19:33:30,Oil,0.0
01/01/2023,19:33:30,Other,1.0
01/01/2023,19:33:30,Refuse,340.0
01/01/2023,19:33:30,Solar,2.0
01/01/2023,19:33:30,Wind,594.0
01/01/2023,19:33:30,Wood,240.0
01/01/2023,19:38:07,Coal,2.0
01/01/2023,19:38:07,Hydro,1369.0
01/01/2023,19:38:07,Landfill Gas,37.0
01/01/2023,19:38:07,Natural Gas,4698.0
01/01/2023,19:38:07,Nuclear,3372.0
01/01/2023,19:38:07,Oil,0.0
01/01/2023,19:38:07,Other,7.0
01/01/2023,19:38:07,Refuse,344.0
01/01/2023,19:38:07,Solar,2.0
01/01/2023,19:38:07,Wind,596.0
01/01/2023,19:38:07,Wood,237.0
01/01/2023,19:46:43,Coal,1.0
01/01/2023,19:46:43,Hydro,1367.0
01/01/2023,19:46:43,Landfill Gas,37.0
01/01/2023,19:46:43,Natural Gas,4611.0
01/01/2023,19:46:43,Nuclear,3372.0
01/01/2023,19:46:43,Oil,0.0
01/01/2023,19:46:43,Other,6.0
01/01/2023,19:46:43,Refuse,349.0
01/01/2023,19:46:43,Solar,1.0
01/01/2023,19:46:43,Wind,556.0
01/01/2023,19:46:43,Wood,237.0
01/01/2023,19:53:26,Coal,0.0
01/01/2023,19:53:26,Hydro,1367.0
01/01/2023,19:53:26,Landfill Gas,37.0
01/01/2023,19:53:26,Natural Gas,4694.0
01/01/2023,19:53:26,Nuclear,3372.0
01/01/2023,19:53:26,Oil,0.0
01/01/2023,19:53:26,Other,0.0
01/01/2023,19:53:26,Refuse,344.0
01/01/2023,19:53:26,Solar,1.0
01/01/2023,19:53:26,Wind,540.0
01/01/2023,19:53:26,Wood,236.0
01/01/2023,20:03:18,Coal,5.0
01/01/2023,20:03:18,Hydro,1455.0
01/01/2023,20:03:18,Landfill Gas,37.0
01/01/2023,20:03:18,Natural Gas,4798.0
01/01/2023,20:03:18,Nuclear,3372.0
01/01/2023,20:03:18,Oil,0.0
01/01/2023,20:03:18,Other,1.0
01/01/2023,20:03:18,Refuse,347.0
01/01/2023,20:03:18,Solar,1.0
01/01/2023,20:03:18,Wind,552.0
01/01/2023,20:03:18,Wood,240.0
01/01/2023,20:11:08,Coal,2.0
01/01/2023,20:11:08,Hydro,1461.0
01/01/2023,20:11:08,Landfill Gas,37.0
01/01/2023,20:11:08,Natural Gas,4740.0
01/01/2023,20:11:08,Nuclear,3373.0
01/01/2023,20:11:08,Oil,0.0
01/01/2023,20:11:08,Other,18.0
01/01/2023,20:11:08,Refuse,345.0
01/01/2023,20:11:08,Solar,1.0
01/01/2023,20:11:08,Wind,531.0
01/01/2023,20:11:08,Wood,240.0
01/01/2023,20:20:34,Coal,2.0
01/01/2023,20:20:34,Hydro,1242.0
01/01/2023,20:20:34,Landfill Gas,37.0
01/01/2023,20:20:34,Natural Gas,4914.0
01/01/2023,20:20:34,Nuclear,3373.0
01/01/2023,20:20:34,Oil,0.0
01/01/2023,20:20:34,Other,0.0
01/01/2023,20:20:34,Refuse,349.0
01/01/2023,20:20:34,Solar,1.0
01/01/2023,20:20:34,Wind,525.0
01/01/2023,20:20:34,Wood,237.0
01/01/2023,20:26:37,Coal,3.0
01/01/2023,20:26:37,Hydro,1235.0
01/01/2023,20:26:37,Landfill Gas,37.0
01/01/2023,20:26:37,Natural Gas,4761.0
01/01/2023,20:26:37,Nuclear,3372.0
01/01/2023,20:26:37,Oil,0.0
01/01/2023,20:26:37,Other,12.0
01/01/2023,20:26:37,Refuse,345.0
01/01/2023,20:26:37,Solar,1.0
01/01/2023,20:26:37,Wind,520.0
01/01/2023,20:26:37,Wood,235.0
01/01/2023,20:35:08,Coal,6.0
01/01/2023,20:35:08,Hydro,1238.0
01/01/2023,20:35:08,Landfill Gas,37.0
01/01/2023,20:35:08,Natural Gas,4705.0
01/01/2023,20:35:08,Nuclear,3371.0
01/01/2023,20:35:08,Oil,0.0
01/01/2023,20:35:08,Other,5.0
01/01/2023,20:35:08,Refuse,346.0
01/01/2023,20:35:08,Solar,1.0
01/01/2023,20:35:08,Wind,495.0
01/01/2023,20:35:08,Wood,239.0
01/01/2023,20:40:13,Coal,6.0
01/01/2023,20:40:13,Hydro,1237.0
01/01/2023,20:40:13,Landfill Gas,37.0
01/01/2023,20:40:13,Natural Gas,4645.0
01/01/2023,20:40:13,Nuclear,3371.0
01/01/2023,20:40:13,Oil,0.0
01/01/2023,20:40:13,Other,14.0
01/01/2023,20:40:13,Refuse,350.0
01/01/2023,20:40:13,Solar,1.0
01/01/2023,20:40:13,Wind,469.0
01/01/2023,20:40:13,Wood,236.0
01/01/2023,20:49:19,Coal,3.0
01/01/2023,20:49:19,Hydro,1231.0
01/01/2023,20:49:19,Landfill Gas,37.0
01/01/2023,20:49:19,Natural Gas,4625.0
01/01/2023,20:49:19,Nuclear,3371.0
01/01/2023,20:49:19,Oil,0.0
01/01/2023,20:49:19,Other,0.0
01/01/2023,20:49:19,Refuse,352.0
01/01/2023,20:49:19,Solar,1.0
01/01/2023,20:49:19,Wind,448.0
01/01/2023,20:49:19,Wood,240.0
01/01/2023,20:56:17,Coal,2.0
01/01/2023,20:56:17,Hydro,1228.0
01/01/2023,20:56:17,Landfill Gas,37.0
01/01/2023,20:56:17,Natural Gas,4605.0
01/01/2023,20:56:17,Nuclear,3373.0
01/01/2023,20:56:17,Oil,0.0
01/01/2023,20:56:17,Other,1.0
01/01/2023,20:56:17,Refuse,345.0
01/01/2023,20:56:17,Solar,1.0
01/01/2023,20:56:17,Wind,451.0
01/01/2023,20:56:17,Wood,239.0
01/01/2023,21:01:01,Coal,5.0
01/01/2023,21:01:01,Hydro,1184.0
01/01/2023,21:01:01,Landfill Gas,36.0
01/01/2023,21:01:01,Natural Gas,4580.0
01/01/2023,21:01:01,Nuclear,3373.0
01/01/2023,21:01:01,Oil,0.0
01/01/2023,21:01:01,Other,27.0
01/01/2023,21:01:01,Refuse,344.0
01/01/2023,21:01:01,Solar,1.0
01/01/2023,21:01:01,Wind,439.0
01/01/2023,21:01:01,Wood,238.0
01/01/2023,21:11:22,Coal,4.0
01/01/2023,21:11:22,Hydro,1182.0
01/01/2023,21:11:22,Landfill Gas,36.0
01/01/2023,21:11:22,Natural Gas,4778.0
01/01/2023,21:11:22,Nuclear,3371.0
01/01/2023,21:11:22,Oil,0.0
01/01/2023,21:11:22,Other,0.0
01/01/2023,21:11:22,Refuse,344.0
01/01/2023,21:11:22,Solar,1.0
01/01/2023,21:11:22,Wind,446.0
01/01/2023,21:11:22,Wood,239.0
01/01/2023,21:18:08,Coal,2.0
01/01/2023,21:18:08,Hydro,1044.0
01/01/2023,21:18:08,Landfill Gas,36.0
01/01/2023,21:18:08,Natural Gas,4739.0
01/01/2023,21:18:08,Nuclear,3369.0
01/01/2023,21:18:08,Oil,0.0
01/01/2023,21:18:08,Other,0.0
01/01/2023,21:18:08,Refuse,346.0
01/01/2023,21:18:08,Solar,1.0
01/01/2023,21:18:08,Wind,437.0
01/01/2023,21:18:08,Wood,240.0
01/01/2023,21:27:13,Coal,3.0
01/01/2023,21:27:13,Hydro,1050.0
01/01/2023,21:27:13,Landfill Gas,36.0
01/01/2023,21:27:13,Natural Gas,4497.0
01/01/2023,21:27:13,Nuclear,3372.0
01/01/2023,21:27:13,Oil,0.0
01/01/2023,21:27:13,Other,15.0
01/01/2023,21:27:13,Refuse,346.0
01/01/2023,21:27:13,Solar,1.0
01/01/2023,21:27:13,Wind,458.0
01/01/2023,21:27:13,Wood,241.0
01/01/2023,21:34:37,Coal,0.0
01/01/2023,21:34:37,Hydro,1050.0
01/01/2023,21:34:37,Landfill Gas,36.0
01/01/2023,21:34:37,Natural Gas,4452.0
01/01/2023,21:34:37,Nuclear,3372.0
01/01/2023,21:34:37,Oil,0.0
01/01/2023,21:34:37,Other,2.0
01/01/2023,21:34:37,Refuse,346.0
01/01/2023,21:34:37,Solar,1.0
01/01/2023,21:34:37,Wind,438.0
01/01/2023,21:34:37,Wood,239.0
01/01/2023,21:41:26,Coal,0.0
01/01/2023,21:41:26,Hydro,1054.0
01/01/2023,21:41:26,Landfill Gas,37.0
01/01/2023,21:41:26,Natural Gas,4371.0
01/01/2023,21:41:26,Nuclear,3372.0
01/01/2023,21:41:26,Oil,0.0
01/01/2023,21:41:26,Other,9.0
01/01/2023,21:41:26,Refuse,351.0
01/01/2023,21:41:26,Solar,1.0
01/01/2023,21:41:26,Wind,410.0
01/01/2023,21:41:26,Wood,238.0
01/01/2023,21:52:24,Coal,0.0
01/01/2023,21:52:24,Hydro,1043.0
01/01/2023,21:52:24,Landfill Gas,36.0
01/01/2023,21:52:24,Natural Gas,4289.0
01/01/2023,21:52:24,Nuclear,3372.0
01/01/2023,21:52:24,Oil,0.0
01/01/2023,21:52:24,Other,15.0
01/01/2023,21:52:24,Refuse,338.0
01/01/2023,21:52:24,Solar,1.0
01/01/2023,21:52:24,Wind,437.0
01/01/2023,21:52:24,Wood,238.0
01/01/2023,21:58:15,Coal,0.0
01/01/2023,21:58:15,Hydro,981.0
01/01/2023,21:58:15,Landfill Gas,36.0
01/01/2023,21:58:15,Natural Gas,4365.0
01/01/2023,21:58:15,Nuclear,3372.0
01/01/2023,21:58:15,Oil,0.0
01/01/2023,21:58:15,Other,2.0
01/01/2023,21:58:15,Refuse,347.0
01/01/2023,21:58:15,Solar,1.0
01/01/2023,21:58:15,Wind,438.0
01/01/2023,21:58:15,Wood,237.0
01/01/2023,22:02:50,Coal,0.0
01/01/2023,22:02:50,Hydro,1006.0
01/01/2023,22:02:50,Landfill Gas,36.0
01/01/2023,22:02:50,Natural Gas,4357.0
01/01/2023,22:02:50,Nuclear,3372.0
01/01/2023,22:02:50,Oil,0.0
01/01/2023,22:02:50,Other,4.0
01/01/2023,22:02:50,Refuse,343.0
01/01/2023,22:02:50,Solar,1.0
01/01/2023,22:02:50,Wind,440.0
01/01/2023,22:02:50,Wood,239.0
01/01/2023,22:09:11,Coal,0.0
01/01/2023,22:09:11,Hydro,1133.0
01/01/2023,22:09:11,Landfill Gas,36.0
01/01/2023,22:09:11,Natural Gas,4340.0
01/01/2023,22:09:11,Nuclear,3372.0
01/01/2023,22:09:11,Oil,0.0
01/01/2023,22:09:11,Other,0.0
01/01/2023,22:09:11,Refuse,331.0
01/01/2023,22:09:11,Solar,1.0
01/01/2023,22:09:11,Wind,434.0
01/01/2023,22:09:11,Wood,241.0
01/01/2023,22:16:47,Coal,0.0
01/01/2023,22:16:47,Hydro,1131.0
01/01/2023,22:16:47,Landfill Gas,36.0
01/01/2023,22:16:47,Natural Gas,4203.0
01/01/2023,22:16:47,Nuclear,3372.0
01/01/2023,22:16:47,Oil,0.0
01/01/2023,22:16:47,Other,0.0
01/01/2023,22:16:47,Refuse,344.0
01/01/2023,22:16:47,Solar,1.0
01/01/2023,22:16:47,Wind,438.0
01/01/2023,22:16:47,Wood,238.0
01/01/2023,22:24:18,Coal,0.0
01/01/2023,22:24:18,Hydro,1133.0
01/01/2023,22:24:18,Landfill Gas,36.0
01/01/2023,22:24:18,Natural Gas,3876.0
01/01/2023,22:24:18,Nuclear,3371.0
01/01/2023,22:24:18,Oil,0.0
01/01/2023,22:24:18,Other,15.0
01/01/2023,22:24:18,Refuse,345.0
01/01/2023,22:24:18,Solar,1.0
01/01/2023,22:24:18,Wind,453.0
01/01/2023,22:24:18,Wood,239.0
01/01/2023,22:32:02,Coal,0.0
01/01/2023,22:32:02,Hydro,1130.0
01/01/2023,22:32:02,Landfill Gas,36.0
01/01/2023,22:32:02,Natural Gas,3844.0
01/01/2023,22:32:02,Nuclear,3371.0
01/01/2023,22:32:02,Oil,0.0
01/01/2023,22:32:02,Other,1.0
01/01/2023,22:32:02,Refuse,341.0
01/01/2023,22:32:02,Solar,1.0
01/01/2023,22:32:02,Wind,449.0
01/01/2023,22:32:02,Wood,238.0
01/01/2023,22:38:49,Coal,0.0
01/01/2023,22:38:49,Hydro,1132.0
01/01/2023,22:38:49,Landfill Gas,37.0
01/01/2023,22:38:49,Natural Gas,3770.0
01/01/2023,22:38:49,Nuclear,3371.0
01/01/2023,22:38:49,Oil,0.0
01/01/2023,22:38:49,Other,5.0
01/01/2023,22:38:49,Refuse,336.0
01/01/2023,22:38:49,Solar,1.0
01/01/2023,22:38:49,Wind,460.0
01/01/2023,22:38:49,Wood,241.0
01/01/2023,22:47:43,Coal,0.0
01/01/2023,22:47:43,Hydro,1129.0
01/01/2023,22:47:43,Landfill Gas,36.0
01/01/2023,22:47:43,Natural Gas,3643.0
01/01/2023,22:47:43,Nuclear,3372.0
01/01/2023,22:47:43,Oil,0.0
01/01/2023,22:47:43,Other,3.0
01/01/2023,22:47:43,Refuse,343.0
01/01/2023,22:47:43,Solar,1.0
01/01/2023,22:47:43,Wind,449.0
01/01/2023,22:47:43,Wood,239.0
01/01/2023,22:55:09,Coal,0.0
01/01/2023,22:55:09,Hydro,1084.0
01/01/2023,22:55:09,Landfill Gas,36.0
01/01/2023,22:55:09,Natural Gas,3634.0
01/01/2023,22:55:09,Nuclear,3370.0
01/01/2023,22:55:09,Oil,0.0
01/01/2023,22:55:09,Other,0.0
01/01/2023,22:55:09,Refuse,340.0
01/01/2023,22:55:09,Solar,1.0
01/01/2023,22:55:09,Wind,466.0
01/01/2023,22:55:09,Wood,240.0
01/01/2023,23:05:11,Coal,0.0
01/01/2023,23:05:11,Hydro,1082.0
01/01/2023,23:05:11,Landfill Gas,36.0
01/01/2023,23:05:11,Natural Gas,3599.0
01/01/2023,23:05:11,Nuclear,3372.0
01/01/2023,23:05:11,Oil,0.0
01/01/2023,23:05:11,Other,0.0
01/01/2023,23:05:11,Refuse,342.0
01/01/2023,23:05:11,Solar,1.0
01/01/2023,23:05:11,Wind,462.0
01/01/2023,23:05:11,Wood,241.0
01/01/2023,23:08:40,Coal,0.0
01/01/2023,23:08:40,Hydro,1081.0
01/01/2023,23:08:40,Landfill Gas,36.0
01/01/2023,23:08:40,Natural Gas,3516.0
01/01/2023,23:08:40,Nuclear,3372.0
01/01/2023,23:08:40,Oil,0.0
01/01/2023,23:08:40,Other,5.0
01/01/2023,23:08:40,Refuse,343.0
01/01/2023,23:08:40,Solar,1.0
01/01/2023,23:08:40,Wind,452.0
01/01/2023,23:08:40,Wood,242.0
01/01/2023,23:14:52,Coal,12.0
01/01/2023,23:14:52,Hydro,960.0
01/01/2023,23:14:52,Landfill Gas,37.0
01/01/2023,23:14:52,Natural Gas,3446.0
01/01/2023,23:14:52,Nuclear,3372.0
01/01/2023,23:14:52,Oil,0.0
01/01/2023,23:14:52,Other,0.0
01/01/2023,23:14:52,Refuse,344.0
01/01/2023,23:14:52,Solar,1.0
01/01/2023,23:14:52,Wind,459.0
01/01/2023,23:14:52,Wood,240.0
01/01/2023,23:24:18,Coal,12.0
01/01/2023,23:24:18,Hydro,959.0
01/01/2023,23:24:18,Landfill Gas,36.0
01/01/2023,23:24:18,Natural Gas,3177.0
01/01/2023,23:24:18,Nuclear,3372.0
01/01/2023,23:24:18,Oil,0.0
01/01/2023,23:24:18,Other,3.0
01/01/2023,23:24:18,Refuse,339.0
01/01/2023,23:24:18,Solar,1.0
01/01/2023,23:24:18,Wind,452.0
01/01/2023,23:24:18,Wood,237.0
01/01/2023,23:31:38,Coal,0.0
01/01/2023,23:31:38,Hydro,959.0
01/01/2023,23:31:38,Landfill Gas,36.0
01/01/2023,23:31:38,Natural Gas,3159.0
01/01/2023,23:31:38,Nuclear,3372.0
01/01/2023,23:31:38,Oil,0.0
01/01/2023,23:31:38,Other,0.0
01/01/2023,23:31:38,Refuse,339.0
01/01/2023,23:31:38,Solar,1.0
01/01/2023,23:31:38,Wind,460.0
01/01/2023,23:31:38,Wood,238.0
01/01/2023,23:41:30,Coal,6.0
01/01/2023,23:41:30,Hydro,959.0
01/01/2023,23:41:30,Landfill Gas,36.0
01/01/2023,23:41:30,Natural Gas,3286.0
01/01/2023,23:41:30,Nuclear,3372.0
01/01/2023,23:41:30,Oil,0.0
01/01/2023,23:41:30,Other,1.0
01/01/2023,23:41:30,Refuse,335.0
01/01/2023,23:41:30,Solar,1.0
01/01/2023,23:41:30,Wind,453.0
01/01/2023,23:41:30,Wood,239.0
01/01/2023,23:48:19,Coal,0.0
01/01/2023,23:48:19,Hydro,958.0
01/01/2023,23:48:19,Landfill Gas,36.0
01/01/2023,23:48:19,Natural Gas,3168.0
01/01/2023,23:48:19,Nuclear,3371.0
01/01/2023,23:48:19,Oil,0.0
01/01/2023,23:48:19,Other,5.0
01/01/2023,23:48:19,Refuse,341.0
01/01/2023,23:48:19,Solar,1.0
01/01/2023,23:48:19,Wind,460.0
01/01/2023,23:48:19,Wood,236.0
01/01/2023,23:59:01,Coal,0.0
01/01/2023,23:59:01,Hydro,958.0
01/01/2023,23:59:01,Landfill Gas,37.0
01/01/2023,23:59:01,Natural Gas,3063.0
01/01/2023,23:59:01,Nuclear,3372.0
01/01/2023,23:59:01,Oil,0.0
01/01/2023,23:59:01,Other,8.0
01/01/2023,23:59:01,Refuse,338.0
01/01/2023,23:59:01,Solar,1.0
01/01/2023,23:59:01,Wind,459.0
01/01/2023,23:59:01,Wood,237.0
